Record URL,Draft Date,Document Number,Film Number,From,Subject,TAGS,To,Message Text
https://aad.archives.gov/aad/createpdf?rid=145036&dt=2776&dl=2169,31 jul 1979,1979LAPAZ06523,D790349-0084,LA PAZ,PERU COCA SURVEY TEAM VISIT TO BOLIVIA,"SNAR, OTRA, BL, PE",LIMA     STATE,": PERU COCA SURVEY TEAM VISIT TO BOLIVIA

REF... COCA SURVEY TEAM VISIT TO BOLIVIA.
TEAM... MADE AFTER AUGUST 6, 1979 DUE TO
THE PENDING CHANGE OF GOVERNMENT.
BOEKER"
https://aad.archives.gov/aad/createpdf?rid=196159&dt=2776&dl=2169,20 mar 1979,1979LAPAZ02423,D790129-0576,LA PAZ,"EXPORT 79, TRADE FAIR OF THE AMERICAS, COCONUT GROVE EXHIBITION  CENTER, MIAMI, FLA. JULY 21-28, 1979","BEXP, BL",STATE,"ESQ. CAMACHO
LA PAZ, BOLIVIA
BOEKER..., 1979

1. AMEMBASSY LA PAZ INTERESTED IN... CENTRAL DE BOLIVIA - FOMEX
CASILLA 5947
LA PAZ, BOLIVIA

ANGEL GUZMAN
JEFE DE DIVISION FOMEX
BANCO CENTRAL DE BOLIVIA"
https://aad.archives.gov/aad/createpdf?rid=281850&dt=2776&dl=2169,20 oct 1979,1979LAPAZ08952,D790481-1048,LA PAZ,"ARRIVAL OF SECSTATE IN LA PAZ BOLIVIA SECSATE AIRCRAFT ARRIVED \""EL  ALTO\"" INTERNATIONAL AIRPORT OF LA PAZ, BOLIVIA AT 1640 HOURS, OCTOBER 20, 1979","ASEC, OVIP, (VANCE, CYRUS R)",STATE,"OF LA PAZ, BOLIVIA AT 1640 HOURS, OCTOBER 20, 1979.
BOEKER


LIMITED OFFICIAL USE... SECSTATE IN LA PAZ BOLIVIA

SECSATE AIRCRAFT"
https://aad.archives.gov/aad/createpdf?rid=283478&dt=2776&dl=2169,23 oct 1979,1979LAPAZ09050,D790486-0506,LA PAZ,"DEPARTURE OF SECSTATE FROM LA PAZ, BOLIVIA SECSTATE AIRCRAFT DEPARTED  \""EL ALTO\"" INTERNATIONAL AIRPORT OF LA PAZ, BOLIVIA AT 1740 HRS, OCTOBER 23 197 9, ENRO","ASEC, OVIP, BL, (VANCE, CYRUS R)",STATE     LIMA,", BOLIVIA AT 1740 HRS, OCTOBER 23 1979, ENROUTE WASH,
D.C.
BOEKER


LIMITED OFFICIAL..., BOLIVIA

SECSTATE AIRCRAFT DEPARTED ""EL ALTO"
https://aad.archives.gov/aad/createpdf?rid=131385&dt=2776&dl=2169,08 jul 1979,1979LAPAZ05838,D790309-1337,LA PAZ OR-M,PROPOSED REPLY OF PRESIDENT CARTER TO PRESIDENT PADILLA\'S LETTER OF  JULY 6,"PFOR, PEPR, PPDC, EWWT, EMIN, PINT, BL, US, (CARTER, JIMMY), (PADILLA  ARANCIBIA, DAVID) | Executive Order: X1 19990708 BOEKER, PAUL H",STATE,"IN 1979, WHEN BOLIVIA'S
ELECTED... PASTOR

E.O. 12065: XGDS-1 (BOEKER, PAUL... SIGNIFICANT BOOST TO BOLIVIA'S CHANCES TO... TIN IN 1979 IS NOT REALLY A SEPARATE... POLICY AND ITS RELATIONSHIP TO
BOLIVIA'S"
https://aad.archives.gov/aad/createpdf?rid=283794&dt=2776&dl=2169,31 oct 1979,1979LAPAZ09290,D790499-0392,LA PAZ,TEXT OF BOLIVIAN ACCESS TO SEA (SPANISH),"PORG, PBOR, BL, OAS",STATE,"BOLIVIA ACCESS TO THE
SEA AS APPROVED BY... BOLIVIA AL OCEANO PACIFICO

(PROYECTO DE... OCTUBRE DE 1979 Y REVISADO
POR LA... EQUITATIVA MEDIANTE LA CUAL BOLIVIA... DEL ENCLAUSTRAMIENTO DE BOLIVIA, EL"
https://aad.archives.gov/aad/createpdf?rid=249986&dt=2776&dl=2169,14 nov 1979,1979LAPAZ09817,D790530-0067,LA PAZ,THE ECONOMIC EFFECTS OF BOLIVIA\'S POLITICAL CRISIS - TIN,"EMIN, ECON, BL",STATE     JAKARTA,"CRISIS ON
BOLIVIA'S 1979 TIN OUTPUT... ECONOMIC EFFECTS OF BOLIVIA'S POLITICAL CRISIS - TIN

1. ALTHOUGH BOLIVIA'S PRIVATE... 1 COUP, 1979 TIN
PRODUCTION WAS LAGGING... NOW REQUIRES A REVISED ESTIMATE THAT 1979"
https://aad.archives.gov/aad/createpdf?rid=256133&dt=2776&dl=2169,20 nov 1979,1979LAPAZ10015,D790534-0795,LA PAZ,MFA NOTE ON CONTINUATION OF RELATIONS,"PDIP, PEPR, BL, US",STATE,"BOLIVIAN MFA DATED NOVEMBER 17, 1979... ANTE EL GOBIERNO
DE BOLIVIA Y TIENE A... BOLIVIA, LAS SEGURIDADES DE SU
MAS ALTA Y... REPUBLIC OF BOLIVIA AND HAS
THE HONOR TO... NOVEMBER 17, 1979 EXPRESSING THE"
https://aad.archives.gov/aad/createpdf?rid=229940&dt=2776&dl=2169,31 may 1979,1979LAPAZ04733,D790251-0570,LA PAZ,BOLIVIA\'S PROJECTED NON-PETROLEUM MINERALS PRODUCTION/ EXPORTS FOR  1979,"EMIN, BL",STATE,"BOLIVIA WITH TOTAL 1979 EXPORT
EARNINGS OF.... 12065: N/A
TAGS: BL, EMIN
SUBJECT: BOLIVIA... PRODUCTION/
         EXPORTS FOR 1979

1. EMBASSY HAS PREVIOUS PROJECTED BOLIVIA'S 1979 TIN EXPORTS
AT APPROXIMATELY 30,000"
https://aad.archives.gov/aad/createpdf?rid=204775&dt=2776&dl=2169,28 mar 1979,1979LAPAZ02637,D790145-0392,LA PAZ,(U) BOLIVIA COMMEMORATES CENTENNIAL OF WAR OF THE PACIFIC,"PINT, EWWT, BL",STATE,"1. (U) ON MARCH 23, 1979, BOLIVIA...
TAGS: POINT, BL
SUBJECT: (U) BOLIVIA...
BOLIVIA'S NATIONAL HERO, EDUARDO AVAROA, LOST... THAT BOLIVIA WOULD
NEVER ABANDON ITS RIGHT..., DESCRIBED BY THE PRESS AS
BOLIVIA'S"
https://aad.archives.gov/aad/createpdf?rid=136696&dt=2776&dl=2169,13 jul 1979,1979LAPAZ06049,D790317-0546,LA PAZ OR-M,MODERN FIGHTER AIRCRAFT FOR BOLIVIA,"MASS, BL, US | Executive Order: GS 19850713 BOEKER, PAUL H",STATE     CINCSO J2 QUARRY HEIGHTS CZ,"6049

E.O. 12065: GDS 7/2/85 (BOEKER...: MODERN FIGHTER AIRCRAFT FOR BOLIVIA

REF: (A... BOLIVIA AIR FORCE (BAF) HAS REQUESTED A... BOLIVIA
- RELATED APPROPRIATE AIR... OF BOLIVIA. AT THE SAME TTME,
THE BAF"
https://aad.archives.gov/aad/createpdf?rid=254773&dt=2776&dl=2169,19 nov 1979,1979LAPAZ09950,D790531-0936,LA PAZ,JUBILATION MARKS BOLIVIA\'S RETURN TO DEMOCRACY,"PINS, PINT, BL, (GUEILER TEJADA, LIDIA)",STATE     ASUNCION,", BL
SUBJECT: JUBILATION MARKS BOLIVIA'S...
ON NOVEMBER 16, 1979 AS PRESIDENT OF BOLIVIA SET TWO
PRECEDENTS: THE FIRST LADY... OF AUTOMOBILE HORNS--AS
IF BOLIVIA HAD... IN CONFRONTING BOLIVIA'S
CRITICAL"
https://aad.archives.gov/aad/createpdf?rid=52113&dt=2776&dl=2169,08 aug 1979,1979LAPAZ06747,D790360-0396,LA PAZ OR-M,PADILLA PASSES THE BATON TO GUEVARA WHO PROMISES GOVERNMENT OF  NATIONAL CONCILIATION,"PINT, BL, (GUEVARA ARZE, WALTER) | Executive Order: GS 19850808 BOEKER, PAUL",STATE     QUITO,". 12065: GDS 8/8/85 (BOEKER, PAUL) OR-M... INTERIM PRESIDENT OF BOLIVIA AT 1PM ON... DO -- RESTORE BOLIVIA
TO CONSTITUTIONAL...
CONFRONTING BOLIVIA'S ECONOMIC CRISIS AND... EVOLUTION OF BOLIVIA'S
YOUNG DEMOCRACY"
https://aad.archives.gov/aad/createpdf?rid=252612&dt=2776&dl=2169,16 nov 1979,1979LAPAZ09935,D790528-0371,LA PAZ OR-M,US RESPONSE TO ECONOMIC PLIGHT OF BOLIVIA\'S NEW CIVILIAN GOVERNMENT,"EFIN, EAID, PINT, BL, (NATUSCH BUSCH, ALBERTO) | Executive Order: GS 19851116 BOEKER, PAUL H",STATE,"12065: GDS 11/17/86 (BOEKER, PAUL H) OR... ECONOMIC PLIGHT OF BOLIVIA'S NEW... IT HAVE LEFT BOLIVIA'S
CIVILIAN... 1979.
SHORT SUPPLIES OF FOOD AND FUEL... MEET
BOLIVIA'S NEEDS FOR WHEAT BEYOND"
https://aad.archives.gov/aad/createpdf?rid=153256&dt=2776&dl=2169,03 jul 1979,1979LAPAZ05688,D790303-0598,LA PAZ,"ESTABLISHING PASA POSITION - NARCOTICS U.S. CUSTOMS ADVISOR FOR LA  PAZ, BOLIVIA","SNAR, APER, BL",STATE,"PAZ, BOLIVIA

REF: (A) TELECOM DONALD MUDD-CARLOS LOPEZ, JUNE 26, 1979
(B) STATE.... PLEASE ADVISE.
BOEKER


UNCLASSIFIED"
https://aad.archives.gov/aad/createpdf?rid=210045&dt=2776&dl=2169,05 mar 1979,1979LAPAZ01861,D790102-0418,LA PAZ,W/W FRANK ALBERT LEAVENS,"CASC, BL, (LEAVENS, FRANK ALBERT)",STATE,".
AMERICAN EMBASSY
LA PAZ, BOLIVIA
BOEKER... ON FAB.
26, 1979, AND A LETTER HAS BEEN... BOLIVIA, PHONE
NUMBER (IF ANY) ETC"
https://aad.archives.gov/aad/createpdf?rid=239682&dt=2776&dl=2169,03 may 1979,1979LAPAZ03861,D790204-0378,LA PAZ,COTTON - CHINATEX TRAVEL,"EAGR, OTRA, CH, BL, CO",BEIJING     HONG KONG,"HAD AN ADVERSE
IMPACT ON BOLIVIA'S 1979...
DEPARTMENT OF CHINATEX (REFTEL) VISITED BOLIVIA... BOLIVIAN COTTON.
BOEKER

UNCLASSIFIED"
https://aad.archives.gov/aad/createpdf?rid=98790&dt=2776&dl=2169,23 feb 1979,1979LAPAZ01647,D790084-1026,LA PAZ,LETTER FROM PRESIDENT PADILLA TO PRESIDENT CARTER,"PPDC, TATT, EAID, BL, US, (CARTER, JIMMY), (PADILLA ARANCIBIA, DAVID)",STATE,"AID WHO ARE IN BOLIVIA TO CONSIDER... SENSING CENTER IN BOLIVIA. HE NOTED THAT... WHERE BOLIVIA'S CAPABILITY
WAS WELL... IT IN BOLIVIA. HE WANTED TO
PROVIDE... BOLIVIA THERE HAS BEEN CONTINUITY
IN THE"
https://aad.archives.gov/aad/createpdf?rid=262435&dt=2776&dl=2169,27 nov 1979,1979LAPAZ10169,D790552-0377,LA PAZ,PETROLEUM: PRODUCTION DECLINES,"ENRG, BL",STATE     BUENOS AIRES,"-SEPTEMBER
1979 FELL 15 PERCENT COMPARED TO... PRODUCTION SLIPPAGE
WOULD SOON REQUIRE BOLIVIA... BOLIVIA
COULD SOON PRODUCE ENOUGH... RECEIVING FROM
BOLIVIA.
RECENT ARGENTINE GAS...
POSOTION ON PURCHASES FROM BOLIVIA. THE NEW"
https://aad.archives.gov/aad/createpdf?rid=189960&dt=2776&dl=2169,14 mar 1979,1979LAPAZ02194,D790122-0916,LA PAZ,"ADMINISTRATIVE VISIT OF DR. HOOFNAGLE TO BOLIVIA WEEK OF APRIL 16,  1979, AND EARLY HOME LEAVE FOR PASA PROJECT MANAGER STEELE","SNAR, OTRA, BL, (HOOFNAGLE, WILLIAM)",STATE,". HOOFNAGLE TO BOLIVIA WEEK OF
APRIL 16, 1979, AND EARLY HOME LEAVE FOR PASA... WITH THE OINM BOLIVIA DESK
OFFICER FOR.../HOOFNAGLE TELECON
MARCH 9.
BOEKER"
https://aad.archives.gov/aad/createpdf?rid=54483&dt=2776&dl=2169,04 dec 1979,1979LAPAZ10373,D790560-1073,LA PAZ,"REQUEST FOR STATUS ON BACKGROUND 
INVESTIGATION PLEASE PROVIDE STATUS  AND EXPECTED COMPLETION DATE OF 
BACKGROUND INVESTIGATION PENDING ON CONSUELO V.  FRANCO, USAID",ASEC,STATE,"ON CONSUELO V. FRANCO, USAID BOLIVIA FSN... MARIO PEREZ. CASE FORWARDED
24 OCTOBER, 1979.
BOEKER


UNCLASSIFIED




NNN"
https://aad.archives.gov/aad/createpdf?rid=194525&dt=2776&dl=2169,30 mar 1979,1979LAPAZ02803,D790150-0159,LA PAZ OR-E,(C) HIJACK CONTINGENCY PLANNING,"EAIR, PINS, BL",STATE,"CONTINGENCY PLAN FOR BOLIVIA IS BEING POUCHED
TO DEPARTMENT APRIL 2, 1979.
BOEKER"
https://aad.archives.gov/aad/createpdf?rid=278364&dt=2776&dl=2169,17 oct 1979,1979LAPAZ08837,n/a,LA PAZ,///////////,"ASEC, BL, (VANCE, CYRUS R)",STATE,",
         BOLIVIA

ON OCTOBER 16, 1979... ON TIN, AS BOLIVIA IS THE WORLD'S... SITUATION IN BOLIVIA, HOWEVER THE OAS... ASASSINATION ATTEMPTS.
BOEKER


CONFIDENTIAL"
https://aad.archives.gov/aad/createpdf?rid=285555&dt=2776&dl=2169,24 oct 1979,1979USUNN04608,D790492-0157,USUN NEW YORK,UN: BOLIVIA PROTESTS SALE OF TIN FROM U.S. STRATEGIC RESERVES,"PORG, EMIN, BL, US, UN",STATE     LA PAZ,"BOEKER DATED
SEPTEMBER 28, 1979..., BL, US
SUBJECT: UN: BOLIVIA PROTESTS...
AMEMBASSY LA PAZ.

2.  COMMENT:  BOLIVIA"
https://aad.archives.gov/aad/createpdf?rid=273520&dt=2776&dl=2169,11 oct 1979,1979LAPAZ08621,D790469-1228,LA PAZ,PROJECTED 1979 BOLIVIAN TIN PRODUCTION,"EMIN, ECON, BL",STATE,"PROJECT
BOLIVIA'S TOTAL 1979 TIN RECEIPTS AT...: PROJECTED 1979 BOLIVIAN TIN PRODUCTION

1..., POST PREDICTS THAT BOLIVIA'S
TIN PRODUCTION.... WHILE THERE'S LITTLE CHANCE 1979.... DECONTROL ON RECEIPT.
BOEKER

LIMITED OFFICIAL"
https://aad.archives.gov/aad/createpdf?rid=318657&dt=2776&dl=2169,01 sep 1979,1979LAPAZ07474,D790402-1096,LA PAZ OR-P,BOLIVIAN TIN AND PETROLEUM: CONTINUED PRODUCTION DECLINES LIKELY,"EMIN, EINV, BL",STATE     BRASILIA,", BOLIVIA'S 1979 TIN
OUTPUT IS EXPECTED... OF BOLIVIA'S 1952 REVOLUTION
WAS""LAND TO... BEEN MIXED, NATIONALIZATION OF BOLIVIA'S... PROVIDING SOCIAL BENEFITS HAS BROUGHT
BOLIVIA... IMPORTING NATION.
BOLIVIA'S SAGGING"
https://aad.archives.gov/aad/createpdf?rid=50790&dt=2776&dl=2169,07 aug 1979,1979LAPAZ06712,D790357-0147,LA PAZ OR-M,BOLIVIA\'S RETURN TO CONSTITUTIONAL RULE VIA INDIRECT ELECTION OF  PRESIDENT-ELECT WALTER GUEVARA ARZE,"PINT, PGOV, BL, US, (GUEVARA ARZE, WALTER) | Executive Order: GS 19850807 BOEKER, PAUL H",STATE     CARACAS,"/7/85 (BOEKER, PAUL H) OR-M
TAGS: PINT, BL
SUBJECT: BOLIVIA'S RETURN TO... BOLIVIA WILL INSTALL WALTER GUEVARA
ARZE... BOLIVIA'S CURRENT ELECTION
LAWS (WHICH... INDIRECT RESULT OF BOLIVIA'S ALREADY"
https://aad.archives.gov/aad/createpdf?rid=67869&dt=2776&dl=2169,18 dec 1979,1979LAPAZ10719,D790588-1152,LA PAZ OR-M,FY 82 GOALS AND OBJECTIVES: AMBASSADOR\'S POLICY ASSESS- MENT,"PEPR, PINT, ECON, US, XX, BL | Executive Order: GS 19851218 BOEKER, PAUL H",STATE,". 12065: GDS 12/19/85 (BOEKER, PAUL H.) OR.... BOLIVIA IS NOW TRYING TO EMERGE FROM A TWO... 1979.

2. US-BOLIVIAN RELATIONS ARE... BOLIVIA'S
ASPIRATION FOR ACCESS TO THE... SUPPORT FOR BOLIVIA, AT A TIME WHEN THE"
https://aad.archives.gov/aad/createpdf?rid=280720&dt=2776&dl=2169,19 oct 1979,1979LAPAZ08894,D790479-0663,LA PAZ,DRAFT PRESS RELEASE ON THE OCCASION OF THE SECRETARY\'S VISIT,"OVIP, SOPN, OTRA, (VANCE, CYRUS), (GUEVARA ARZE, WALTER), (FERNANDEZ,  GUSTAVO)",STATE,"BOLIVIA, THE SECRETARY CONFERRED
WITH...
HAVING HAD THE OPPORTUNITY TO VISIT BOLIVIA... BOLIVIA'S ARMED FORCES
WHO HAD... THAT HE, LIKE
BOLIVIA'S OTHER FRIENDS IN... BOLIVIA
HAS GAINED. ""YOUR RETURN TO"
https://aad.archives.gov/aad/createpdf?rid=51795&dt=2776&dl=2169,30 aug 1979,1979LAPAZ07397,D790396-1007,LA PAZ,BENJAMIN MENDOZ-FLORES,ASEC,STATE     USSS,"215721 OF AUGUST 18, 1979

1. POLICE..., BOLIVIA. NEIGHBORHOOD CHECK REVEALS HIS... COCHABAMBA, BOLIVIA,
WHERE SUBJECT HAS IN...
POSITIVE INFORMATION IS RECEIVED.
BOEKER"
https://aad.archives.gov/aad/createpdf?rid=56641&dt=2776&dl=2169,06 dec 1979,1979LAPAZ10440,D790563-0847,LA PAZ,DEATH OF U.S. CITIZEN FRANCES CHRISTIAN RING TO: PEARSON FUNERAL HOME  905 SOUTH COMMERCE STREET,"CDES, BL, (RING, FRANCES CHRISTIAN)",STATE,"EMBASSY
LA PAZ, BOLIVIA
BOEKER

NOTE BY OC... DECEMBER 7, 1979.
REQUEST THAT YOU MEET... AVAILABLE IN BOLIVIA AND IN MOST CASES"
https://aad.archives.gov/aad/createpdf?rid=224171&dt=2776&dl=2169,16 may 1979,1979LAPAZ04250,D790225-1169,LA PAZ OR-P,BOLIVIAN POWER COMPANY,"EINV, BL, US, OPIC",STATE,"BOLIVIA IN THE PURCHASE OF THE FIRM, THE GOB... LOAN
GUARANTEES WITH BOLIVIA'S ANDEAN... THE GUARANTEE REQUEST LATER IN 1979... GOVERNMENT OF OPIC PROGRAMS.
BOEKER"
https://aad.archives.gov/aad/createpdf?rid=319521&dt=2776&dl=2169,04 sep 1979,1979LAPAZ07486,D790405-0366,LA PAZ,"INM AUTHORIZATION TO PURCHASE HOUSEHOLD 
FURNITURE AND APPLICANCES,  UNIVERSITY OF FLORIDA CONTRACT, AGRICULTURAL
 DEVELOPMENT IN COCA ZONES","SNAR, ASUP, ABLD",STATE,": CHAIJ/MUDD TELECON 28 AUGUST 1979

WITH... PAZ, BOLIVIA. THE UNIVERSITY OF FLORIDA... FLORIDA IN LA PAZ, BOLIVIA, TO REPLACE..., $450,000.
BOEKER


UNCLASSIFIED




NNN"
https://aad.archives.gov/aad/createpdf?rid=11656&dt=2776&dl=2169,17 apr 1979,1979LAPAZ03326,D790178-0126,LA PAZ,NECESSARY DOCUMENTATION FOR FORD BRONCO PURCHASED BY CARLOS LOPEZ TO:  FORD MOTOR CO,"SNAR, ATRN, BL",STATE,"EMBASSY
LA PAZ, BOLIVIA.
BOEKER

NOTE BY OC/T... 20006

REF: LETTER OF APRIL 5, 1979"
https://aad.archives.gov/aad/createpdf?rid=45210&dt=2776&dl=2169,01 aug 1979,1979LAPAZ06554,D790352-0185,LA PAZ,W/W FRANK ALBERT LEAVENS,"CASC, BL, (LEAVENS, FRANK ALBERT)",STATE,"THAT MR. LEAVENS LEFT BOLIVIA AROUND JANUARY 7, 1979 VIA PANAMA EN
ROUTE TO U.S... OF DEVELOPMENTS.
BOEKER


UNCLASSIFIED"
https://aad.archives.gov/aad/createpdf?rid=105817&dt=2776&dl=2169,09 jan 1979,1979LAPAZ00223,D790012-0032,LA PAZ,GORM FOR FY 1981 - CONSULAR WORKLOAD,"CGEN, ABUD, BL",STATE,"OF ONE NEW FSNE POSITION FOR
FY 1979 (PARA FOUR, REF A), BOLIVIA WILL REQUIRE... WORK CONTINUES.
BOEKER


UNCLASSIFIED"
https://aad.archives.gov/aad/createpdf?rid=115237&dt=2776&dl=2169,18 jan 1979,1979LAPAZ00497,D790029-0728,LA PAZ,MUTUN IRON AND STEEL,"BENC, BL",STATE,"ON CONSTRUCTION OF THE
PROPOSED BOLIVIA... LEAST LATE 1979. IF HOWEVER, ANY NEW... IMMEDIATELY BE REPORTED.
BOEKER"
https://aad.archives.gov/aad/createpdf?rid=129794&dt=2776&dl=2169,05 jan 1979,1979LAPAZ00129,D790013-0704,LA PAZ,"VISIT OF THE CHASE MANHATTAN BANK, NA TO: PATRICK B. BLAKE VICE  PRESIDENT","OTRA, BTRA, BL, CHASE MANHATTAN BANK, THE CHASE MANHATTAN BANK NA,  (BLAKE, PATRICK B)",BOGOTA     STATE,", BOLIVIA.
BOEKER

UNCLASSIFIED




NNN

... FEBRUARY 7, 1979. YOU CAN REACH ME AT THE"
https://aad.archives.gov/aad/createpdf?rid=189962&dt=2776&dl=2169,14 mar 1979,1979LAPAZ02196,D790122-0938,LA PAZ OR-P,BIO DATA ON BOLIVIAN AMBASSADOR TO MADRID,"PINT, PDIP, SP, BL, (ROJAS MONCALVO, ANTONIO)",MADRID,"INFORMATION
PROVIDED LA PAZ 1174 OF FEB 7, 1979... ANY SPANISH VIEWS ON BOLIVIA'S OUTLET-
TO... HIS RECENT CALLS ON GOS.
BOEKER"
https://aad.archives.gov/aad/createpdf?rid=248876&dt=2776&dl=2169,13 nov 1979,1979LAPAZ09738,D790525-0357,LA PAZ,NARCOTICS CONTROL: COMMODITY REQUIREMENT,"SNAR, US, BL",STATE,"SCHEDULED FOR OCTOBER 1979, BUT RELEVANT... VIEW
OF POLITICAL SITUATION IN BOLIVIA.../903406.
BOEKER


UNCLASSIFIED




NNN"
https://aad.archives.gov/aad/createpdf?rid=268981&dt=2776&dl=2169,05 nov 1979,1979LAPAZ09490,D790512-0732,LA PAZ,W/W CHARLES AND MARIE HALE TO: MR. EGON MENKER CONTOUR PRODUCTS  COMPANY,"CASC, BL, (HALE, CHARLES), (HALE, MARIE)",STATE,"LA PAZ, BOLIVIA
BOEKER

NOTE BY OC/T... PAZ SINCE FRIDAY, NOVEMBER 2,
1979. WE"
https://aad.archives.gov/aad/createpdf?rid=304065&dt=2776&dl=2169,13 sep 1979,1979LAPAZ07793,D790423-0551,LA PAZ,DEATH OF US CITIZEN HAROLD D. POOLE TO: ROCKWELL-DRAPER DIVISION 17  METRO DRIVE,"CDES, (HAROLD POOLE)",STATE,"3, 1979 BRANIFF FLIGHT 974, AWB...
LA PAZ, BOLIVIA
INTERESTED PARTY COLLECT.
BOEKER

NOTE BY OC/T: PASSED ABOVE"
https://aad.archives.gov/aad/createpdf?rid=275488&dt=2776&dl=2169,13 oct 1979,1979STATE268392,D790470-0087,STATE,RESPONSE TO LETTER FROM HUGO BANZER TO THE PRESIDENT,"EMIN, PINT, BL, US, (CARTER, JIMMY), (BOEKER, PAUL H), (BANZER, HUGO)",LA PAZ,"BOLIVIA
TO PLACE ITSELF IN CONSONANCE WITH... WILL ENHANCE
BOLIVIA'S INTERNATIONAL... GOVERNMENT OF BOLIVIA THAT WE WILL MANAGE ANY...
IN 1979, AND WORLD STOCKS ARE WELL...
ECONOMIC GROWTH OF BOLIVIA.
IN CLOSING, I"
https://aad.archives.gov/aad/createpdf?rid=294668&dt=2776&dl=2169,04 oct 1979,1979LAPAZ08442,D790460-0041,LA PAZ,BOLIVIA\'S FOREIGN DEBT,"ECON, EFIN, BL",STATE,"/A
TAGS: ECON, EFIN, BL
SUBJECT: BOLIVIA'S FOREIGN DEBT

1. AS OF JUNE 30, 1979... AS OF JUNE 30,
1979; $US 386.3 MILLION... MILLION
DURING THE FIRST SIX MONTHS OF 1979... IN 1978. THIS YEAR
BOLIVIA'S DEBT"
https://aad.archives.gov/aad/createpdf?rid=287281&dt=2776&dl=2169,26 oct 1979,1979LAPAZ09196,D790495-0191,LA PAZ,"OCTOBER 25 \""ANTI-IMPERIALIST\"" DEMONSTRATIONS DRAW LARGE CRODS","PINS, PINT, BL",STATE     BUENOS AIRES,"-
IMPERIALIST"" DEMONSTRATIONS AROUND BOLIVIA... ALSO WERE ATTACKED FOR
DENYING BOLIVIA... ""DEALING A HARD BLOW
TO BOLIVIA'S... ITS OAS REPRESENTATIVE FOR DENYING BOLIVIA... WILL CONTINUE FIGHTING UNTIL BOLIVIA"
https://aad.archives.gov/aad/createpdf?rid=265972&dt=2776&dl=2169,01 nov 1979,1979LAPAZ09361,D790507-0329,LA PAZ OR-P,"ACTION AGAINST EGYPT IN FAO CONFERENCE NOVEMBER 10-30, 1979","PORG, US, BL, EG, FAO",STATE     CAIRO,"FAO CONFERENCE NOVEMBER
10-30, 1979... ISSUE, BUT DID NOTE THAT BOLIVIA FOLLOWED
A... REACTION WAS THAT BOLIVIA WOULD BE HELPFUL... MEMOIRE TO FOLLOW-UP, SINCE
BOLIVIA WILL... AN UNDERTIMINED PERIOD.
BOEKER"
https://aad.archives.gov/aad/createpdf?rid=302908&dt=2776&dl=2169,12 sep 1979,1979LAPAZ07746,D790422-0560,LA PAZ,1979 GSP PRODUCT REVIEW HEARINGS,"ETRD, BL, US, (ALDUNATE, ANTONIO), (WENDE, DAISY)",STATE     COM,"SUBJECT: 1979 GSP PRODUCT REVIEW HEARINGS... BOLIVIA'S SMALL INDUSTRY AND
CRAFTS INSTITUTE... ESQUINA
CALLE BUENO, LA PAZ, BOLIVIA....
SANCHEZ LIMA, LA PAZ, BOLIVIA.

3. GOB... OF HEARING.
BOEKER


UNCLASSIFIED"
https://aad.archives.gov/aad/createpdf?rid=231333&dt=2776&dl=2169,23 may 1979,1979LAPAZ04507,D790240-0014,LA PAZ,"NARCOTICS: SELECTION OF CONSULTANTS FOR TROPICAL AND CITRUS FRUITS  FEASIBILITY STUDIES, RFP NO. 3104-802525, BOLIVIA AGRICULTURAL DEVELOPMENT IN COC A ZONES, PR","SNAR, BL",STATE,"YOUR OFFICE
MAY 21, 1979.
BOEKER...,
BOLIVIA AGRICULTURAL DEVELOPMENT IN... DEVELOPMENT RESOURCES, USAID/
BOLIVIA"
https://aad.archives.gov/aad/createpdf?rid=251383&dt=2776&dl=2169,15 nov 1979,1979LAPAZ09866,D790526-0834,LA PAZ,(U) BOLIVIAN BANK HOLIDAY,"ECON, EFIN, BL",STATE,"EXCHANGE HOUSES THROUGHOUT BOLIVIA TO... THROUGHOUT BOLIVIA CATCHING MANY PEOPLE... HAS BEEN PARTICULARLY AFFECTED BY BOLIVIA...
REIMBURSE THE SUGAR MILLS FOR THE 1979....
BOEKER


LIMITED OFFICIAL USE




NNN"
https://aad.archives.gov/aad/createpdf?rid=50791&dt=2776&dl=2169,07 aug 1979,1979LAPAZ06713,D790357-0171,LA PAZ OR-P,"WALTER GUEVARA ARZE, BOLIVIA\'S NEW INTERIM PRESIDENT","PINT, PINR, BL, (GUEVARA ARZE, WALTER)",STATE,", BOLIVIA'S NEW INTERIM PRESIDENT

1. C... WALTER GUEVARA ARZE ,67, AS BOLIVIA'S
FIRST... BOLIVIA'S MOST INTELLIGENT AND... RESPECTED BY
THOSE OUTSIDE BOLIVIA WHO KNOW...-68) AND AS BOLIVIA'S PERMANENT"
https://aad.archives.gov/aad/createpdf?rid=14164&dt=2776&dl=2169,19 apr 1979,1979LAPAZ03447,D790185-0157,LA PAZ,18TH ECLA PLENARY: INAUGURAL SESSION,"PORG, BL, XL, XM, ECLA",STATE     ASUNCION,", AND BY
BOLIVIA'S PLANNING MINISTER GARY..."" DIRECTED TOWARDS BOLIVIA THROUGH SALES... AS FOLLOWS: CHAIRMAN-GARY
PRADO (BOLIVIA... THE PERIOD 1979-81. COMMITTEE III, AS... HOST TO THE SESSION, BOLIVIA'S PLANNING"
https://aad.archives.gov/aad/createpdf?rid=216058&dt=2776&dl=2169,08 may 1979,1979LAPAZ04006,D790169-1490,LA PAZ,INOPPORTUNE DROP IN 1979 BOLIVIAN COTTON PRODUCTION,"EAGR, EPAP, BL",LIMA     STATE,": INOPPORTUNE DROP IN 1979 BOLIVIAN COTTON...
HAVE CAUSED MORE DAMAGE TO THE 1979 COTTON.... PRODUCTION:

THE 1979 COTTON CROP IS... 1979 SEASON.

3. EXPORTATION:
ADEPA...
EXPORTED AND THAT BOLIVIA WILL RECEIVE $US"
https://aad.archives.gov/aad/createpdf?rid=189965&dt=2776&dl=2169,14 mar 1979,1979LAPAZ02233,D790118-0592,LA PAZ OR-M,AMBASSADOR\'S COMMENTS ON ARA/ECP PAPER ON BOLIVIAN ECONOMY AND US  LENDING OPTIONS,"PFOR, EFIN, BL | Executive Order: GS 19850314 BOEKER, PAUL H",STATE,"/PEREZ

E.O. 12065: GDS 3/14/85 (BOEKER..., PROFESSIONAL JOB, ITS
ANALYSIS OF BOLIVIA'S... CHANGE IN BOLIVIA SHOULD ALSO LEAD TO... CLOUT IN BOLIVIA, AND A PROGRAM WILL
BE...
IS NOT TRUE, BUT BOLIVIA IS DIFFERENT"
https://aad.archives.gov/aad/createpdf?rid=186156&dt=2776&dl=2169,10 mar 1979,1979LAPAZ02086,D790113-0965,LA PAZ,BOLIVIA\'S OIL IMPORT PROBLEM-A BRAZILIAN SOLUTION?,"ENRG, ETRD, BL, BR",STATE,", BL
SUBJECT: BOLIVIA'S OIL IMPORT PROBLEM.... A COMBINATION OF BOLIVIA'S RAPIDLY... DECLINING, BOLIVIA'S CURRENT CRUDE...-1979 EVEN
THOUGH AT THAT POINT DOMESTIC.... (BOLIVIA
HALTED CRUDE EXPORTS, ALL OF WHICH"
https://aad.archives.gov/aad/createpdf?rid=287275&dt=2776&dl=2169,26 oct 1979,1979LAPAZ09150,D790510-1241,LA PAZ,; OASGA 4 - OCTOBER 25,"ETRD, PORG, XM, XL, OAS",STATE     OAS CONFERENCE,"COUNTRY'S SOLIDARITY
WITH BOLIVIA
.  HE...
US.  BOLIVIA MADE A RELATIVELY MILD....  INDICATION IS THAT BOLIVIA
DOES NOT INTEND TO... SANTIAGO AND THE 1979 CIECC OF
BARBADOS... PROBLEMS LIKE BOLIVIA'S ACCESS TO THE SEA AND"
https://aad.archives.gov/aad/createpdf?rid=265252&dt=2776&dl=2169,03 nov 1979,1979STATE287386,D790504-0939,STATE,Q\'S AND A\'S FROM 11/2/79 NOON PRESS BRIEFING,"PINT, SOPN, PEPR, BL, US",LA PAZ NIACT     CARACAS     MULTIPLE,"IN BOLIVIA?
 
A.  WHERE?
UNCLASSIFIED....  BOLIVIA -- IT'S A COUNTRY --
 
Q.  LAND-LOCKED BOLIVIA.  (LAUGHTER)
 
A.  YES.  I DO... BOLIVIA.  WE WILL CONTINUE TO REVIEW ALL...?
 
A.  NO.  PAUL BOEKER IS GOING TO REMAIN"
https://aad.archives.gov/aad/createpdf?rid=46911&dt=2776&dl=2169,02 aug 1979,1979LAPAZ06628,D790350-0186,LA PAZ,GUEST LIST FOR DINNER IN HONOR OF FIRST LADY,"OVIP, PDIP, BL, (CARTER, ROSALYNN)",STATE     WHITE HOUSE,"OFTEN CHARACTERIZED AS BOLIVIA'S ""PARTY OF... PARTY. A LAWYER WITH
CLOSE TIES TO BOLIVIA.... UNTIL RECENTLY BOLIVIA'S PERMANENT... SUPERVISION
OF THE 1979 ELECTION.... HE WILL TAKE THE OATH OF BOLIVIA'S
NEW"
https://aad.archives.gov/aad/createpdf?rid=263976&dt=2776&dl=2169,28 nov 1979,1979LAPAZ10216,D790548-0346,LA PAZ,1979 HUMAN RIGHTS REPORT: BOLIVIA TEXT OF 1979 HUMAN RIGHTS REPORT FOR  BOLIVIA FOLLOWS: (BEGIN TEXT) INTRODUCTION,"SHUM, BL",STATE,": 1979 HUMAN RIGHTS REPORT: BOLIVIA

TEXT OF 1979 HUMAN RIGHTS REPORT FOR BOLIVIA FOLLOWS:

(BEGIN TEXT) INTRODUCTION

1... FREELY IN BOLIVIA. IN JULY 1979,
LIMITED..., LAND-LOCKED BOLIVIA
ACHIEVED ITS"
https://aad.archives.gov/aad/createpdf?rid=56642&dt=2776&dl=2169,06 dec 1979,1979LAPAZ10441,D790563-0852,LA PAZ,DEATH OF U.S. CITIZEN FRANCES CHRISTIAN RING TO: MR. CLAYTON HALL 5906  EAST UNIVERSITY BOULEVARD,"CDES, BL, (RING, FRANCES CHRISTIAN)",STATE,".

AMERICAN EMBASSY
LA PAZ, BOLIVIA
BOEKER..., 1979.

2. PEARSON FUNERAL HOME, OVERTON"
https://aad.archives.gov/aad/createpdf?rid=156191&dt=2776&dl=2169,06 jul 1979,1979LAPAZ05806,D790307-0533,LA PAZ,MAJOR PROJECT: LEAD/SILVER METALLURGICAL PROJECT,"BENC, BL",STATE,"DEADLINE HAS BEEN EXTENDED TO AUGUST 10, 1979..., AV. VILLAZON 1966,
LA PAZ, BOLIVIA AT A... SUPERVISION.
BOEKER

UNCLASSIFIED




NNN"
https://aad.archives.gov/aad/createpdf?rid=190486&dt=2776&dl=2169,14 mar 1979,1979STATE062940,D790118-0401,STATE,"PROPERTY MATTER: FORD PICKUP DEPT 
RECENTLY RECEIVED INQUIRY FROM  CONGRESSMAN BUD SHUSTER\'S OFFICE 
REGARDING EMBASSY\'S DELAY IN RESP","CPRS, (ILLOBRE, MARIO R)",LA PAZ,"DIRECTED TO ATTENTION OF
AMBASSADOR BOEKER... OFFICIALS IN SANTA CRUZ, A
1979 FORD... HIS
MISSIONARY WORK IN BOLIVIA.  MR"
https://aad.archives.gov/aad/createpdf?rid=239685&dt=2776&dl=2169,03 may 1979,1979LAPAZ03885,D790202-0610,LA PAZ,W/W FUNDS: JUDITH VICENTE,"CASC, BL, (VICENTE, JUDITH)",STATE,"APPEARED AT CONSULAR SECTION ON MAY 2, 1979 CLAIMING
THAT SOMEONE IN BOLIVIA HAD....
BOEKER


UNCLASSIFIED




NNN"
https://aad.archives.gov/aad/createpdf?rid=272669&dt=2776&dl=2169,11 oct 1979,1979LAPAZ08626,D790466-0634,LA PAZ,EX-PRESIDENT PADILLA\'S VISIT TO US FOR MEDICAL TREATMENT,"OVIP, TBIO, BL, US, (PADILLA ARANCIBIA, DAVID)",STATE     RECEPTION CENTER MIAMI,"BOLIVIAN UNTIL AUGUST 8, 1979, PLANS TO VISIT... PADILLA HAS OVERSEEN BOLIVIA'S TRANSITION... HIS FIRST VISIT TO THE US.
BOEKER"
https://aad.archives.gov/aad/createpdf?rid=104845&dt=2776&dl=2169,08 jan 1979,1979LAPAZ00177,D790011-0158,LA PAZ OR-E,KLOCKNER LEAD-SILVER SMELTER PROJECT,"EMIN, EIND, EINV, BL, GE, KLOCKNER SMELTER PROJECT",BONN,". DURING OCTOBER THE PRESIDENT OF
BOLIVIA....
AS BOLIVIA IS NOW FACING A SEVERE... PERCENT OF EXPORTS IN 1979, AND THE... SECUREOVAL OF THIS PROJECT.
BOEKER"
https://aad.archives.gov/aad/createpdf?rid=253761&dt=2776&dl=2169,17 nov 1979,1979LAPAZ09940,D790528-0549,LA PAZ,CONGRESS CHOOSES GUEILER TO BE INTERIM PRESIDENT OF BOLIVIA,"PINT, PINS, BL, (GUEILER, LYDIA)",STATE     ASUNCION,"INTERIM PRESIDENT OF
BOLIVIA

1. SHORTLY AFTER... PARTY FACTION. IN THE 1979
ELECTIONS... UNIVERSITY IN FLORIDA.
BOEKER

UNCLASSIFIED"
https://aad.archives.gov/aad/createpdf?rid=267888&dt=2776&dl=2169,03 nov 1979,1979LAPAZ09408,D790506-0309,LA PAZ,FIRST PERSON NOTE FROM FOREIGN MINISTER GUILLERMO BEDREGAL THE  AMBASSADOR RECEIVED ON THE MORNING OF NOVEMBER,"PINT, PDIP, BL, (BEDREGAL, GUILLERMO)",STATE,"PERSON NOTE DATED NOVEMBER 2, 1979
FROM... SUSCRITOS POR BOLIVIA DE
ACUERDO CON LAS... DE BOLIVIA ENCAUZAR EL PAIS DENTRO DEL... FOREIGN RELATIONS AND WORSHIP
BOEKER"
https://aad.archives.gov/aad/createpdf?rid=289394&dt=2776&dl=2169,29 oct 1979,1979LAPAZ09224,D790496-0078,LA PAZ OR-M,BOLIVIAN FOREIGN EXCHANGE POSITION AND STATUS OF NEGOTIATIONS WITH THE  IMF,"ECON, BL, IMF",STATE,", BOLIVIA'S DEBT
SERVICE BURDEN WILL BE... IT.)  END SUMMARY.
BOLIVIA'S DEBT SERVICE... BANKS
BETWEEN JULY 1979 AND JANUARY... MILLION FROM SPAIN BEFORE THE END OF 1979.... ACCORDING TO SOL PEREZ, BOLIVIA'S"
https://aad.archives.gov/aad/createpdf?rid=105818&dt=2776&dl=2169,09 jan 1979,1979LAPAZ00230,D790012-0158,LA PAZ OR-E,THE BOLIVIAN ECONOMY LIMPS INTO 1979,"EGEN, EFIN, ECON, BL",STATE,"ECONOMY LIMPS INTO 1979

1. ENTIRE TEXT... HOPEFUL IN DISCUSSING THE PROSPECTS
FOR 1979... CONTINUE TO AFFECT ECONOMIC PERFORMANCE IN 1979... THE
BALANCE OF PAYMENTS FOR 1979 IS..., 1979,
APPEAR TO REFLECT SOME SHORT"
https://aad.archives.gov/aad/createpdf?rid=198610&dt=2776&dl=2169,22 mar 1979,1979LAPAZ02492,D790136-0589,LA PAZ,DIPLOMATIC IMMUNITY,"PDIP, ASEC, BL",STATE,"MARCH 20, 1979 EMBASSY ADMINISTRATIVE... 15, 1979 WAS TRUE AND CORRECT TO THE...
AFFAIRS OF THE REPUBLIC OF BOLIVIA AND..., 1979 COMPLAINING
OF THE ACTS COMMITTED BY...
CONSIDERATION. LA PAZ, MARCH 15, 1979 (SEAL WITH"
https://aad.archives.gov/aad/createpdf?rid=254774&dt=2776&dl=2169,19 nov 1979,1979LAPAZ09970,D790532-1086,LA PAZ OR-M,BOLIVIAN NEGOTIATIONS WITH THE IMF,"EFIN, BL, IMF | Executive Order: GS 19851119 BOEKER, PAUL H",STATE,"9970

E.O. 12065: (GDS 11/20/85 (BOEKER... PROGRAM FOR BOLIVIA IS
HIGHLY DESIRABLE... PUBLIC SECTOR BUDGET FIXED AT THE
1979... BANKS.
BOEKER


CONFIDENTIAL




NNN"
https://aad.archives.gov/aad/createpdf?rid=45209&dt=2776&dl=2169,01 aug 1979,1979LAPAZ06550,D790351-0711,LA PAZ,ANGLO BOLIVIAN LAND AND CATTLE CO.,"SOCI, BBAK, BL",BUENOS AIRES     COM,"DOCUMENT SENT TO THE SANTA CRUZ, BOLIVIA... REGISTERED IN BOLIVIA. THESE TWO COMPANIES...:
CASILLA 3746, SANTA CRUZ, BOLIVIA
PHONE... TOLD US
IN FEBRUARY 1979 THAT THE GOB... NO NEW INFORMATION.
BOEKER


UNCLASSIFIED"
https://aad.archives.gov/aad/createpdf?rid=219705&dt=2776&dl=2169,11 may 1979,1979LAPAZ04170,D790219-0435,LA PAZ OR-P,BOLIVIAN FINANCIAL CRISIS DEEPENS,"EFIN, EGEN, BL",STATE,"NEGOTIATING THE BULK OF BOLIVIA'S 1979...
MAKE IT MORE DIFFICULT FOR BOLIVIA TO....

8. DURING THE NEXT THREE MONTHS, BOLIVIA... DIFFICULTY
RAISING THESE CREDITS.
BOEKER"
https://aad.archives.gov/aad/createpdf?rid=254779&dt=2776&dl=2169,19 nov 1979,1979LAPAZ09990,D790533-0402,LA PAZ OR-M,INTERIM PRESIDENT LIDIA GUEILER,"PINT, PINS, PINR, PGOV, BL, (GUEILER TEJADA, LIDIA)",STATE     USCINCSO J2 QUARRY HEIGHTS CZ,"PRESIDENT OF BOLIVIA.
BOEKER... CONGRESS TO SERVE AS
BOLIVIA'S INTERIM... PRIN FACTION. IN 1979, SHE AND HER SMALL... SERVING AS BOLIVIA'S
CHARGE D'AFFAIRES IN"
https://aad.archives.gov/aad/createpdf?rid=191217&dt=2776&dl=2169,15 mar 1979,1979LAPAZ02299,D790120-0349,LA PAZ OR-E,(C) THE BOLIVIAN ECONOMY ON A TIGHTROPE; CERP 102,"EGEN, EFIN, BL",STATE,"BOLIVIA'S
1978 BALANCE OF PAYMENTS.... THE KEY TO BOLIVIA'S
BALANCE OF PAYMENTS RESULTS IN 1979 WILL BE THE MANAGE... RECENT ESTIMATES OF BOLIVIA'S
1978... THE
CENTRAL BANK FEBRUARY 22, 1979, ARE"
https://aad.archives.gov/aad/createpdf?rid=6414&dt=2776&dl=2169,11 apr 1979,1979LAPAZ03227,D790168-0776,LA PAZ,"ECLA CONFERENCE, LA PAZ, APRIL 18-26, 1979","OCON, OTRA, BL, ECLA",STATE,"-26, 1979

1. PLANNING MINISTRY PROVIDES... BOLIVIA, DAVID PADILLA A., SALON OF MIRRORS... COCKTAIL, DINNER, SHERATON.
BOEKER"
https://aad.archives.gov/aad/createpdf?rid=257413&dt=2776&dl=2169,21 nov 1979,1979LAPAZ10076,D790536-0881,LA PAZ OR-M,JUSTIFICATION FOR IMET,"MASS, MPOL, BL | Executive Order: GS 19851121 BOEKER, PAUL H",STATE,"(BOEKER, PAUL H.) OR-M
TAGS: MASS, MPOL... INVESTMENT. THE
BEST I CAN OFFER FROM BOLIVIA... IMET IN BOLIVIA
HAS BEEN A CONTINUAL... HAD ITS ENTIRE CAREER
UP TO AUGUST 1979...
BOLIVIA'S COURAGEOUS TRANSITION TO CIVILIAN"
https://aad.archives.gov/aad/createpdf?rid=280723&dt=2776&dl=2169,19 oct 1979,1979LAPAZ08916,n/a,LA PAZ,"PRELIMINARY SITE SURVEY - LA PAZ, BOLIVIA","ASEC, OVIP, BL, (VANCE, CYRUS)",STATE,", BOLIVIA

1. THIS PRELIMINARY SITE SURVEY WAS CONDUCTED IN
AND AROUND LA PAZ, BOLIVIA FROM OCTOBER 15 TO
OCTOBER 19, 1979 BY...  191654Z

1650 - AMBASSADOR BOEKER AND... DELEGATION.

AMERICANS:
MRS. PAUL H. BOEKER"
https://aad.archives.gov/aad/createpdf?rid=49890&dt=2776&dl=2169,06 aug 1979,1979LAPAZ06709,D790356-0449,LA PAZ,INITIATIVE TO NAME GUEVARA INTERIM PRESIDENT MAY PROSPER,"PINT, PGOV, BL, (GUEVARA ARZE, WALTER)",STATE     ASUNCION,"BOLIVIA'S INTERIM PRESIDENT HAS GAINED... SO AS TO AVOID A REPETITION OF THE 1979... AUGUST 7.
BOEKER
UNCLASSIFIED

UNCLASSIFIED"
https://aad.archives.gov/aad/createpdf?rid=265959&dt=2776&dl=2169,01 nov 1979,1979LAPAZ09336,D790507-0065,LA PAZ OR-P,ANDEAN PACT MEMBERS SIGN ANDEAN PACT PARLIAMENT AGREEMENT,"ECIN, BL, XM, ANDEAN PACT",STATE     BOGOTA,"BOLIVIA, GUSTAVO FERNANDEZ S.; COLOMBIA... 11, 1979,
ESTABLISHES A 25 MEMBER....
BOEKER


CONFIDENTIAL




NNN"
https://aad.archives.gov/aad/createpdf?rid=320673&dt=2776&dl=2169,05 sep 1979,1979LAPAZ07538,D790409-0304,LA PAZ,"USE OF GRANT FUNDS TO SUPPLEMENT SALARY 
OF EXECUTIVE DIRECTOR OF  PRODES, AGRICULTURAL DEVELOPMENT IN COCA ZONES
 PROJECT 104-0-02-02-90002.","SNAR, EAGR, BL, US",STATE,"AUGUST 1979

1. MISSION HAS IN A VERY... GEOGRAPHIC AREAS OF
BOLIVIA, HE ORGANIZED, THEN... ENTITIES.
BOEKER


LIMITED OFFICIAL USE"
https://aad.archives.gov/aad/createpdf?rid=213972&dt=2776&dl=2169,08 mar 1979,1979LAPAZ02023,D790111-0612,LA PAZ OR-P,(S) THE PADILLA GOVERNMENT - A BALANCE SHEET OF NEGATIVES,"PGOV, BL",STATE,"BOLIVIA. WHILE HUMAN RIGHTS AND THE...  102219Z

ADVERTISED OBJECTIVES FOR BOLIVIA'S... OF ELECTIONS FOR JULY 1979 (INSTEAD OF... HUMAN RIGHTS IN BOLIVIA. INDEED, THE... INVOLVING BOLIVIA'S ARMED FORCES TO THE"
https://aad.archives.gov/aad/createpdf?rid=46906&dt=2776&dl=2169,02 aug 1979,1979LAPAZ06614,D790350-0051,LA PAZ,"FIRST LADY\'S BOLIVIAN SCHEDULE FOLLOWING IS MRS. CARTER\'S LA PAZ  SCHEDULE: MRS. CARTER\'S VISIT TO LA PAZ, BOLIVIA","PDIP, OVIP, BL, (CARTER, ROSALYNN)",STATE     WHITE HOUSE,", BOLIVIA
AUGUST 4-7, 1979

SATURDAY, AUGUST 4, 1979

5:30 P.M. U.S. AIR FORCE AIRCRAFT... LA PAZ, BOLIVIA

OPEN COVERAGE
CLOSED... PAZ
AMBASSADOR AND MRS. PAUL BOEKER... EVENING

RON

SUNDAY, AUGUST 5, 1979

3"
https://aad.archives.gov/aad/createpdf?rid=37219&dt=2776&dl=2169,31 aug 1979,1979LAPAZ07471,D790399-0678,LA PAZ OR-P,GOB DISCUSSIONS WITH IMF,"EFIN, ECON, BL, IMF",STATE,"MISSION TO BOLIVIA WITHIN A FEW DAYS OF....

5. CURRENT SITUATION: BOLIVIA'S... BE DRAWN DOWN.

A. PRESENTLY, BOLIVIA'S..., BOLIVIA MUST PAY
ABOUT $US 244 MILLION IN... BOLIVIA'S CONSOLIDATED PUBLIC SECTOR"
https://aad.archives.gov/aad/createpdf?rid=248874&dt=2776&dl=2169,13 nov 1979,1979LAPAZ09725,D790522-0360,LA PAZ OR-P,TRIPARTITE NEGOTIATIONS CONTINUE,"PINS, PINT, PGOV, ELAB, BL",STATE     ASUNCION,"FORM
BOLIVIA'S EXECUTIVE. THUS FAR THE COB... ""FREEZE"" ECONOMIC AID TO BOLIVIA, NATUSCH... 1979 FROM THE VERY INITIAL
GESTATION... WERE AMONG THOSE ATTENDING.
BOEKER"
https://aad.archives.gov/aad/createpdf?rid=192699&dt=2776&dl=2169,16 mar 1979,1979LAPAZ02347,D790126-0232,LA PAZ OR-P,(C) PROSPECTS FOR LABOR PEACE THROUGH THE JULY ELECTIONS REMAIN GOOD,"ELAB, BL",STATE,"BOLIVIA DURING 1978 HAS CONTINUED INTO THE FIRST PART OF 1979.
THE TRADE UNIONS.... DURING THE FIRST TEN WEEKS OF 1979 THE... BOLIVIA DURING
1978 HAS CONTINUED. AS... STRIKE IN BOLIVIA,
AND WHAT STRIKES AND WORK"
https://aad.archives.gov/aad/createpdf?rid=24886&dt=2776&dl=2169,04 apr 1979,1979LAPAZ02940,D790158-0655,LA PAZ,ANNUAL NARCOTICS STATUS REPORT,"SNAR, BL",STATE,"OF 1978, BOLIVIA'S PERCEPTION OF THE... DURING JAN.- MAR. 1979 (OVER 160
KILOS... OPRATED, THESE CHECKPOINTS, GIVEN BOLIVIA...
COMPLETION IN MARCH 1979, THE... VISITING
BOLIVIA IN DECEMBER WERE HIGHLY"
https://aad.archives.gov/aad/createpdf?rid=56123&dt=2776&dl=2169,05 dec 1979,1979STATE313541,D790561-0691,STATE,"PROPOSED FOURTH AMENDMENT TO THE TITLE I/III PL 480 AGREEMENT OF MAY  31, 1978","EAID, BL, US",LA PAZ,"310295
(G)  BLOHM-BOEKER TELCON DECEMBER... 1980 TITLE I BUDGET ALLOCATION FOR BOLIVIA... ESTABLISHED FOR CY 1979 AND IMPORT PERIOD
IS SO..., 1979, AND
SEPTEMBER 13, 1979 AND SEPTEMBER 24, 1979, AND TO PROPOSE
THAT PART II"
https://aad.archives.gov/aad/createpdf?rid=306334&dt=2776&dl=2169,15 sep 1979,1979LAPAZ07871,D790421-1051,LA PAZ OR-M,GOB NEGOTIATIONS WITH IMF,"EFIN, ECON, BL, IMF | Executive Order: GS 19850915 BOEKER, PAUL H",STATE,"/15/85 (BOEKER, PAUL H.) OR-M
TAGS: EFIN... DECEMBER 1979, 50 PERCENT IN
CALENDAR 1980... THE IBRD TEAM VISITING BOLIVIA OF THREE... FOR BOLIVIA, TO WHICH A PROGRAM LOAN....
BOEKER


CONFIDENTIAL




NNN"
https://aad.archives.gov/aad/createpdf?rid=144569&dt=2776&dl=2169,21 jul 1979,1979LAPAZ06238,D790332-0377,LA PAZ,US/GOB NARCOTICS PROGRAM: PROPOSED DEMARCHE BY PRESIDENT CARTER\'S  REPRESENTATIVE TO BOLIVIAN INAUGURAL,"SNAR, OVIP, PDIP, BL",STATE,"BOLIVIA. HE WILL ALSO HAVE SIGNIFICANT... ELECTORAL
CAMPAIGNS OF 1978 AND 1979... NARCOTICS PROGRAMS IN BOLIVIA.
WE SHOULD...
PROJECTS FOR BOLIVIA IN FY80, $19 MILLION... FUTURE EFFORTS AND DRUG SEIZURES IN 1979"
https://aad.archives.gov/aad/createpdf?rid=296347&dt=2776&dl=2169,05 oct 1979,1979LAPAZ08493,D790461-0725,LA PAZ,IMPLEMENTATION OF NARCOTICS PROGRAM IN FY 80 - EXTENSION OF UNIVERSITY  OF FLORIDA CONTRACT,"SNAR, BL, US",STATE,"OF
OUR NARCOTICS PROGRAM IN BOLIVIA... ASSIGNMENT FEBRUARY 8, 1979;

(D) DR JOSEPH...
ASSIGNMENT MARCH 12, 1979.

MISSION...
BEGUN AGAIN.
BOEKER

LIMITED OFFICIAL"
https://aad.archives.gov/aad/createpdf?rid=217217&dt=2776&dl=2169,09 may 1979,1979LAPAZ04058,D790213-0374,LA PAZ OR-M,ANNUAL INTEGRATED ASSESSMENT OF SECURITY ASSISTANCE,"MASS, MPOL, XX, US, BL | Executive Order: GS 19850509 BOEKER, PAUL",STATE     BRASILIA,"/84 (BOEKER, PAUL) OR-M
TAGS: MASS, MPOL... SEVERAL
CHANGES IN BOLIVIA'S POLITICAL...
PAST SEVERAL YEARS, BOLIVIA'S ARMED FORCES... STILL WORRY
THAT BOLIVIA' BORDERS CAN..., BOLIVIA HAS LOST TERRITORY
TO ALL FIVE"
https://aad.archives.gov/aad/createpdf?rid=257622&dt=2776&dl=2169,30 nov 1979,1979LAPAZ10309,D790552-0142,LA PAZ,GOB ANNOUNCES ECONOMIC MEASURES,"ECON, BL",STATE     ASUNCION,"SECTOR BUDGET EQUIVALENT TO THE
1979... MEASURES,
BOLIVIA'S MAJOR CITIES REMAIN CALM....
BOEKER


LIMITED OFFICIAL USE




NNN"
https://aad.archives.gov/aad/createpdf?rid=295498&dt=2776&dl=2169,05 oct 1979,1979LAPAZ08491,D790457-1124,LA PAZ OR-M,"GUEVARA BIDS TO EXTEND HIS TERM, AMID AN ATMOSPHERE OF  MILITARY-CIVILIAN CONFRONTATION","PINT, BL, (GUEVARA ARZE, WALTER) | Executive Order: X1 19991006 BOEKER, PAUL H",STATE     USUN NEW YORK,"(BOEKER, PAUL H.) OR-M
TAGS: PINT, BL... THREATS AT A
PITCH WHICH BOLIVIA'S FRAGILE... BOLIVIA WERE NOW NOT THE LAST
WORD BUT ONE... UNTIL BOLIVIA'S IMMEDIATE
POLITICAL..., 1979) GUEVARA SAID IF ALL THIS
WORKED"
https://aad.archives.gov/aad/createpdf?rid=57882&dt=2776&dl=2169,07 dec 1979,1979LAPAZ10472,D790573-0403,LA PAZ OR-P,GOB ECONOMIC MEASURES,"ECON, BL",STATE,"BOLIVIA OR
OUTSIDE; ANY SUCH FUNDS MUST BE..., 1979. ALL FOREIGN EXCHANGE... BOLIVIA. IT ALSO SETS THE FOLLOW-
ING NEW... 1979 FOREIGN LINES OF CREDIT.
ONE BANKER...'S BRANCHES OUTSIDE OF BOLIVIA AND LOCAL"
https://aad.archives.gov/aad/createpdf?rid=46912&dt=2776&dl=2169,02 aug 1979,1979LAPAZ06634,D790350-0255,LA PAZ,INAUGURAL: MRS. CARTER\'S VISIT FOLLOWING IS PRESS MOVEMENTS ONLY TO BE  CO-ORDINATED WITH STAFF SCHEDULE.,"PDIP, SOPN, BL, (CARTER, ROSALYNN)",STATE     ICA,". CARTER DEPARTS LA PAZ, BOLIVIA.
BOEKER... THE SAME AS EDT.

SATURDAY, AUGUST 4, 1979...  01 OF 02  022203Z

SUNDAY, AUGUST 5, 1979..., AUGUST 6, 1979

8:30 A.M. PRESS BOARD..., AUGUST 7, 1979

BAGGAGE CALL: ALL BAGS MUST"
https://aad.archives.gov/aad/createpdf?rid=51792&dt=2776&dl=2169,30 aug 1979,1979LAPAZ07386,D790400-1310,LA PAZ OR-P,FORTNIGHT TRENDS REPORT,"PINT, PDEV, BL, (GUEVARA, WATER)",STATE     BRASILIA,"JAIME PAZ (AS IN 1979) OR ANTONIO... REVIEW OF 1979 ELECTION
ERRORS. MOREVOER... WISDOM, CONSTITUTE BOLIVIA'S MOST SIGNIFICANT... ACTOR IN BOLIVIA'S CURRENT
CONFIDENTIAL....
BOEKER


CONFIDENTIAL




NNN"
https://aad.archives.gov/aad/createpdf?rid=278362&dt=2776&dl=2169,17 oct 1979,1979LAPAZ08835,D790482-0429,LA PAZ,INVESTMENT DISPUTE - PROPOSED GOB TAKEOVER OF US COMPANY,"EINV, BL, US",STATE,", BOLIVIA, THE
ADJOINING AREAS, AND NEARBY TIN... ANTIGUAN PARTNERSHIP.

(C)  IN JANUARY 1979... REQUEST OF
64.03 PERCENT IN JANUARY 1979... DELETERIOUS EFFECT ON BOLIVIA'S CREDIT
RATING...
SEPRATELY.
BOEKER


LIMITED OFFICIAL USE"
https://aad.archives.gov/aad/createpdf?rid=17144&dt=2776&dl=2169,23 apr 1979,1979LAPAZ03534,D790186-0269,LA PAZ,ECLA SESSIONAL COMMITTEE ON WATER RESOURCES (COMMITTEE III),"OCON, SENV, UN, ECLA",STATE     USUN NEW YORK,"DOCUMENT 1066 DATED APRIL 12, 1979.)
THE... DESCRIBED IN PAGES
85-87 OF ECLA'S 1979... CONCERN WAS INTRODUCTION OF NEW BOLIVIA... COMMITTEE ON
WATER WAS APPROVED.
BOEKER"
https://aad.archives.gov/aad/createpdf?rid=84492&dt=2776&dl=2169,08 feb 1979,1979LAPAZ01225,D790064-1096,LA PAZ OR-P,(U) ELECTION YEAR 1979: THE VIEW FROM SANTA CRUZ,"PINT, BL",STATE,": PINT, BL
SUBJECT: (U) ELECTION YEAR 1979... AND HIS POLICIES AS PRESIDENT OF BOLIVIA... DEPARTMENT.
BOEKER


CONFIDENTIAL




NNN"
https://aad.archives.gov/aad/createpdf?rid=100747&dt=2776&dl=2169,26 feb 1979,1979LAPAZ01684,D790088-0383,LA PAZ,CONSULAR PACKAGE - 1981,CGEN,STATE,"POST: BOLIVIA - LA PAZ
                             FY-1978   FY-1979   FY-1980...
COUNTRY AND POST:  BOLIVIA - LA PAZ

15...: BOLIVIA - LA PAZ
34. AMERICAN CITIZENS... POST:  BOLIVIA - LA PAZ
52. PPT"
https://aad.archives.gov/aad/createpdf?rid=66326&dt=2776&dl=2169,29 dec 1979,1979LAPAZ10988,D800001-1009,LA PAZ,BOLIVIAN GOVERNMENT SIGNS IMF LETTER OF INTENT,"EFIN, BL, IMF",STATE     BOGOTA,"ANALYZES
BOLIVIA'S CURRENT ECONOMIC... REPORTEDLY RE-
GISTERED IN 1979. THE... INTERNATIONAL CONFIDENCE IN BOLIVIA'S ECONOMIC... CALL ON MCNAMARA ON
THIS SUBJECT.
BOEKER"
https://aad.archives.gov/aad/createpdf?rid=152058&dt=2776&dl=2169,02 jul 1979,1979LAPAZ05655,D790299-1210,LA PAZ,ELECTION DAY IMPRESSIONS,"PINT, BL",STATE     BRASILIA,"BE THE CLEANEST ELECTIONS
IN BOLIVIA'S... 1979 WAS REMARKABLY TRANQUIL THROUGH... VOTE. BOEKER


LIMITED OFFICIAL USE"
https://aad.archives.gov/aad/createpdf?rid=93712&dt=2776&dl=2169,17 feb 1979,1979LAPAZ01469,D790077-0462,LA PAZ OR-E,"(C) ECONOMIC STABILIZATION MEASURES BY GOB UNLIKELY, BUT A FINANCIAL  CRISIS SHOULD BE AVOIDABLE","EGEN, EFIN, BL",STATE,"DUE DURING 1979. WHILE
FINANCING MAY BE... PROJECTIONS FOR 1979
ADJUSTED TO REFLECT...           1979
INCOME             9,288... IMPOSSIBLE
IN 1979 TO REDUCE THE CONSOLIDATED... 1979 (A PRELIMINARY MINISTRY OF FINANCE"
https://aad.archives.gov/aad/createpdf?rid=37220&dt=2776&dl=2169,31 aug 1979,1979LAPAZ07472,D790399-0671,LA PAZ,BANZER GOES ON TRIAL BEFORE CONGRESS,"PINT, PGOV, BL, (BANZER SUAREZ, HUGO)",STATE     BRASILIA,"THE CONSUMMATION OF BOLIVIA'S... INFORMED OBSERVER OF BOLIVIA HAD... AUGUST 30, 1979. IT IS THE SIXTH TIME..., BANZER'S SUPPORT IN BOLIVIA--AS..., IF INDEED IT GETS THAT FAR.
BOEKER"
https://aad.archives.gov/aad/createpdf?rid=18336&dt=2776&dl=2169,24 apr 1979,1979LAPAZ03561,D790187-1179,LA PAZ,ECLA PLENARY CONFERENCE: COMMITTEE II (INSTITUTIONAL ISSUES/PROGRAM OF  WORK),"OCON, UN, ECLA",STATE     USUN NEW YORK,"WORK PROGRAM
FOR 1979-81, AND HAVING...) COM II/25
SPONSOR: BOLIVIA
SUBJECT: THE... BEFORE THE END OF 1979 WHICH
WAS... IN THE ECLA
BUDGET.
BOEKER"
https://aad.archives.gov/aad/createpdf?rid=14155&dt=2776&dl=2169,19 apr 1979,1979LAPAZ03402,D790182-1032,LA PAZ OR-P,(C) POLITICAL TRENDS: FIRST QUARTER 1979,"PINT, BL",STATE     ASUNCION,") POLITICAL TRENDS: FIRST QUARTER 1979... BOLIVIA'S GOVERNING
MILITARY JUNTA... (BOLIVIA'S POLITICAL CENTER), RETIRED...
IS ABSOLUTELY NO ALTERNATIVE.
BOEKER"
https://aad.archives.gov/aad/createpdf?rid=75917&dt=2776&dl=2169,26 dec 1979,1979STATE331361,D790594-0748,STATE,1979 BOLIVIA HUMAN RIGHTS REPORT,"SHUM, BL",LA PAZ,"SUBJECT:  1979 BOLIVIA HUMAN RIGHTS...
BOLIVIA HUMAN RIGHTS REPORT AS IT HAS...
CLEARED.
 
3.  BEGIN TEXT:  BOLIVIA'S PAST... OVERSEEING
IN JULY 1979, POSSIBLY THE MOST DEMOCRATIC ELECTIONS
IN BOLIVIA'S"
https://aad.archives.gov/aad/createpdf?rid=251714&dt=2776&dl=2169,15 nov 1979,1979SANJO05291,D790531-0117,SAN JOSE,SOCIALIST INTERNATIONAL STATEMENT ON BOLIVIA,"PINT, PEPR, PORG, BL, SOCIALIST INTERNATIONAL, (NATUSCH BUSCH, ALBERTO),  (GUEVARA ARCE, WALTER)",STATE     LA PAZ,"INTERNATIONAL STATEMENT ON BOLIVIA

REF... ALBERTO NATUSCH BUSCH
IN LA PAZ ON NOVEMBER 1, 1979 IN TRYING TO SEIZE POWER IN
BOLIVIA AND PUT AN END TO THE INTERIM..., 1979 AT THE DULY EXPRESSED WISH OF
THE"
https://aad.archives.gov/aad/createpdf?rid=65341&dt=2776&dl=2169,14 dec 1979,1979STATE322132,D790575-0688,STATE,CONVERSATION BETWEEN WALTER GUEVARA ARZE AND ASSISTANT SECRETARY VAKY,"PINT, BL, US, (VAKY, VIRON P), (GUEVARA ARZE, WALTER)",LA PAZ,", THE REAL POWER IN BOLIVIA, REMAIN
IN... SAME PEOPLE
WHO SUPPORTED NATUSCH ARE STILL... OF BOLIVIA IS THE BOLIVIAN PEOPLE.  DEMOC... STRUCTURE IN BOLIVIA ARE
INCOMPATIBLE BECAUSE... THOSE OF 1979.  THE FACT THAT THE"
https://aad.archives.gov/aad/createpdf?rid=267606&dt=2776&dl=2169,02 nov 1979,1979STATE286983,D790504-0446,STATE,"DAILY PRESS BRIEFING, NOVEMBER 1, 1979","SOPN, OVIP, US, IR, BL, SF, (VANCE, CYRUS R)",SECRETARY,", NOVEMBER 1, 1979

1. SUMMARY: BRIEFING CENTERED ON BOLIVIA COUP AND
DEMONSTRATIONS IN... PAZ, BOLIVIA, HAVE TAKEN CONTROL OF THE...
COLONEL, ALBERTO NATUSCH BUSCH, AS PRESIDENT... COUP IS NOT CLEAR.  BOLIVIA'S"
https://aad.archives.gov/aad/createpdf?rid=214203&dt=2694&dl=2009,01 aug 1978,1978LAPAZ06107,P840153-1909,LA PAZ,PEREDA\'S PLANS,"PINT, SHUM, PGOV, BL, US, (BOEKER, PAUL H), (PEREDA, JUAN)",STATE,"PEREDA FOR ONE HOUR AT COLONEL NATUSCH BUSCH'S
HOME AND WITH NATUSCH FOR ANOTHER HOUR. (THE ROLE OF
NATUSCH, ONE OF THE... PERSONAL
FRIEND OF PEREDA, NATUSCH BERATED... THE MILITARY AND HIS DAMAGING OF BOLIVIA"
https://aad.archives.gov/aad/createpdf?rid=216878&dt=2694&dl=2009,03 aug 1978,1978LAPAZ06188,P840153-1880,LA PAZ,PEREDA MAKING HEADWAY ONHIS ELECTION PLAN,"PINT, PGOV, BL, US, (PEREDA, JUAN)",STATE,", WHICH NATUSCH ATTENDED,
WENT QUITE WELL.... NATUSCH SAID CARLOS ITURRALDE
(GOB AMBASSADOR.... NATUSCH
THOUGHT THAT IF BANZER WOULD COOPERATE...
OF ELECTIONS IN LATE 1979 OR VERY EARLY.... COMMENT. NOTHING IN BOLIVIA IS EVER"
