source_file,cable_date,cable_from,cable_to,cable_subject,cable_tags,cable_ref,doc_number,classification,declass_date,concepts
filename_1738525409284.pdf,31 jul 1979,AMEMBASSY LA PAZ,AMEMBISSY LIMA,PERU COCA SURVEY TEAM VISIT TO BOLIVIA,"SNAR, BL, PE",NA,1979LAPAZ06523,UNCLASSIFIED,20 Mar 2014,"OPIUM, SURVEYS"
filename_1738525409299.pdf,20 mar 1979,AMEMBASSY LA PAZ,SECSTATE WASHDC PRIORITY 5322,"EXPORT 79, TRADE FAIR OF THE AMERICAS, COCONUT GROVE EXHIBITION CENTER, MIAMI, FLA. JULY 21-28, 1979","BEXP, BL",NA,1979LAPAZ02423,UNCLASSIFIED,20 Mar 2014,n/a
filename_1738525410335.pdf,20 oct 1979,AMEMBASSY LA PAZ,SECSTATE WASHDC NIACT IMMEDIATE 8764,NA,"ASEC, OVIP (VANCE, CYRUS)",NA,1979LAPAZ08952,UNCLASSIFIED,20 Mar 2014,n/a
filename_1738525411129.pdf,23 oct 1979,AMEMBASSY LA PAZ,SECSTATE WASHDC NIACT IMMEDIATE 8811,NA,"ASEC, OVIP (VANCE, CYRUS)",NA,1979LAPAZ09050,UNCLASSIFIED,20 Mar 2014,n/a
filename_1738525411197.pdf,08 jul 1979,AMEMBASSY LA PAZ,SECSTATE WASHDC NIACT IMMEDIATE 7151,PROPOSED REPLY OF PRESIDENT CARTER TO PRESIDENT PADILLA'S LETTER OF JULY 6,"PFORN, BL","A) LA PAZ 5832, B) LA PAZ 5831",1979LAPAZ05838,UNCLASSIFIED,20 Mar 2014,"DEMOCRACY, POLICIES, TIN, DIPLOMATIC COMMUNICATIONS, ELECTIONS, STOCKPILE DISPOSAL, ACCESS TO PORTS"
filename_1738525411473.pdf,31 oct 1979,AMEMBASSY LA PAZ,SECSTATE WASHDC IMMEDIATE 8952,TEXT OF BOLIVIAN ACCESS TO SEA (SPANISH),OAS,NA,1979LAPAZ09290,UNCLASSIFIED,20 Mar 2014,"TEXT, LANDLOCKED COUNTRIES, ACCESS TO PORTS"
filename_1738525411598.pdf,14 nov 1979,AMEMBASSY LA PAZ,SECSTATE WASHDC 9269,THE ECONOMIC EFFECTS OF BOLIVIA'S POLITICAL CRISIS - TIN,"EMIN, ECON, BL",NA,1979LAPAZ09817,UNCLASSIFIED,20 Mar 2014,"TIN, ECONOMIC CONDITIONS, MINING INDUSTRY, LABOR STRIKES"
filename_1738525412273.pdf,20 nov 1979,AMEMBASSY LA PAZ,SECSTATE WASHDC NIACT IMMEDIATE 9385,MFA NOTE ON CONTINUATION OF RELATIONS,"PDIP, BL",NA,1979LAPAZ10015,UNCLASSIFIED,20 Mar 2014,"FOREIGN RELATIONS, TEXT, DIPLOMATIC NOTES"
filename_1738525412326.pdf,31 may 1979,AMEMBASSY LA PAZ,SECSTATE WASHDC 6535,BOLIVIA'S PROJECTED NON-PETROLEUM MINERALS PRODUCTION/ EXPORTS FOR 1979,"BL, EMIN",NA,1979LAPAZ04733,UNCLASSIFIED,20 Mar 2014,"TIN, PRODUCTION, MINERALS, EXPORT DATA"
filename_1738525412518.pdf,28 mar 1979,AMEMBASSY LA PAZ,SECSTATE WASHDC 5432,(U) BOLIVIA COMMEMORATES CENTENNIAL OF WAR OF THE PACIFIC,"POINT, BL",NA,1979LAPAZ02637,UNCLASSIFIED,20 Mar 2014,"WAR, COMMEMORATIVE CELEBRATIONS, ACCESS TO PORTS"
filename_1738525412568.pdf,13 jul 1979,AMEMBASSY LA PAZ,SECSTATE WASHDC IMMEDIATE 7251,MODERN FIGHTER AIRCRAFT FOR BOLIVIA,"MASS, BL",(A) STATE 207984 310241Z AUG 77 (B) STATE 252478 DTD 211400Z OCT 77 (C) STATE 47743 DTD 240237Z FEB 78 (D) LA PAZ 5726,1979LAPAZ06049,UNCLASSIFIED,20 Mar 2014,"FIGHTER AIRCRAFT, MILITARY ASSISTANCE PROGRAMS"
filename_1738525413091.pdf,19 nov 1979,AMEMBASSY LA PAZ,SECSTATE WASHDC NIACT IMMEDIATE 9346,JUBILATION MARKS BOLIVIA'S RETURN TO DEMOCRACY,"PINS, PINT, BL",NA,1979LAPAZ09950,UNCLASSIFIED,20 Mar 2014,"DEMOCRACY, POPULAR SUPPORT, CENTRAL LEGISLATURE, ELECTIONS, FORM OF GOVERNMENT"
filename_1738525413110.pdf,08 aug 1979,AMEMBASSY LA PAZ,SECSTATE WASHDC NIACT IMMEDIATE 7642,PADILLA PASSES THE BATON TO GUEVARA WHO PROMISES GOVERNMENT OF NATIONAL CONCILIATION,"PINT, BL",NA,1979LAPAZ06747,UNCLASSIFIED,20 Mar 2014,"INAUGURATION, INTERIM GOVERNMENT, SPEECHES"
filename_1738525413350.pdf,16 nov 1979,AMEMBASSY LA PAZ,SECSTATE WASHDC IMMEDIATE 9333,US RESPONSE TO ECONOMIC PLIGHT OF BOLIVIA'S NEW CIVILIAN GOVERNMENT,"EFIN, BL",NA,1979LAPAZ09935,UNCLASSIFIED,20 Mar 2014,"FINANCIAL CRISIS, GOVERNMENT OVERTHROW, ECONOMIC ASSISTANCE, FOREIGN EXCHANGE HOLDINGS, ECONOMIC"
filename_1738525413705.pdf,03 jul 1979,AMEMBASSY LA PAZ,SECSTATE WASHDC 7056,"ESTABLISHING PASA POSITION - NARCOTICS U.S. CUSTOMS ADVISOR FOR LA PAZ, BOLIVIA",SNAR,"(A) TELECOM DONALD MUDD-CARLOS LOPEZ, JUNE 26, 1979 (B) STATE 168194",1979LAPAZ05688,UNCLASSIFIED,20 Mar 2014,n/a
filename_1738525414031.pdf,05 mar 1979,AMEMBASSY LA PAZ,SECSTATE WASHDC 5059,W/W FRANK ALBERT LEAVENS,"CASC, BL (LEAVENS, FRANK ALBERT)",NA,1979LAPAZ01861,UNCLASSIFIED,20 Mar 2014,n/a
filename_1738525414212.pdf,03 may 1979,AMEMBASSY LA PAZ,AMEMBASSY BEIJING,COTTON - CHINATEX TRAVEL,"EAGR, CH, BL, CO",PEKING 939,1979LAPAZ03861,UNCLASSIFIED,20 Mar 2014,"COTTON, VISITS, TRADE AGREEMENTS"
filename_1738525414259.pdf,23 feb 1979,AMEMBASSY LA PAZ,SECSTATE WASHDC IMMEDIATE 4937,LETTER FROM PRESIDENT PADILLA TO PRESIDENT CARTER,"PPDC, TATT, BL, EAID",NA,1979LAPAZ01647,UNCLASSIFIED,20 Mar 2014,"PRESIDENT, DIPLOMATIC COMMUNICATIONS"
filename_1738525414897.pdf,14 mar 1979,AMEMBASSY LA PAZ,SECSTATE WASHDC 5217,"ADMINISTRATIVE VISIT OF DR. HOOFNAGLE TO BOLIVIA WEEK OF APRIL 16, 1979, AND EARLY HOME LEAVE FOR PASA PROJECT MANAGER STEELE","SNAR, BL","(A) BEAL LETTER TO HOOFNAGLE OF FEBRUARY 2, (B) BEAL/ HOOFNAGLE TELECON MARCH 9.",1979LAPAZ02194,UNCLASSIFIED,20 Mar 2014,n/a
filename_1738525414898.pdf,27 nov 1979,AMEMBASSY LA PAZ,SECSTATE WASHDC 9476,PETROLEUM: PRODUCTION DECLINES,"ENRG, BL",NA,1979LAPAZ10169,UNCLASSIFIED,20 Mar 2014,"PETROLEUM PRODUCTS, PRODUCTION TRENDS"
filename_1738525415099.pdf,04 dec 1979,AMEMBASSY LA PAZ,SECSTATE WASHDC 9596,NA,ASEC,NA,1979LAPAZ10373,UNCLASSIFIED,20 Mar 2014,n/a
filename_1738525415168.pdf,30 mar 1979,AMEMBASSY LA PAZ,SECSTATE WASHDC 5526,(C) HIJACK CONTINGENCY PLANNING,"EAIR, PINS","STATE A-0226 OF DEC 4, 1978",1979LAPAZ02803,UNCLASSIFIED,20 Mar 2014,"AIRCRAFT HIJACKING, CONTINGENCY PLANNING"
filename_1738525415880.pdf,24 oct 1979,USMISSION USUN NEW YORK,SECSTATE WASHDC 3412,UN: BOLIVIA PROTESTS SALE OF TIN FROM U.S. STRATEGIC RESERVES,"PORG, EMIN, BL, US",NA,1979USUNN04608,UNCLASSIFIED,20 Mar 2014,"TIN, SALES, GOVERNMENT REACTIONS, DIPLOMATIC COMMUNICATIONS"
filename_1738525415886.pdf,17 oct 1979,AMEMBASSY LA PAZ,SECSTATE WASHDC IMMEDIATE 8690,NA,"ASEC, OVIP (VANCE, CYRUS)",NA,1979LAPAZ08837,UNCLASSIFIED,20 Mar 2014,"INTELLIGENCE ASSESSMENTS, MINISTERIAL VISITS, ANTIDUMPING LAW (TRADE)"
filename_1738525416192.pdf,11 oct 1979,AMEMBASSY LA PAZ,SECSTATE WASHDC 8568,PROJECTED 1979 BOLIVIAN TIN PRODUCTION,"EMIN, BL",NA,1979LAPAZ08621,UNCLASSIFIED,20 Mar 2014,"INDUSTRIAL PRODUCTION, TIN, ECONOMIC ESTIMATES"
filename_1738525416224.pdf,01 sep 1979,AMEMBASSY LA PAZ,SECSTATE WASHDC 7999,BOLIVIAN TIN AND PETROLEUM: CONTINUED PRODUCTION DECLINES LIKELY,"EMIN, BL",NA,1979LAPAZ07474,UNCLASSIFIED,20 Mar 2014,"TIN, PETROLEUM PRODUCTION, EXPLORATION, CORRUPTION, INVESTMENTS"
filename_1738525416821.pdf,18 dec 1979,AMEMBASSY LA PAZ,SECSTATE WASHDC 9786,FY 82 GOALS AND OBJECTIVES: AMBASSADOR'S POLICY ASSESS- MENT,"PEPR, GORM, XX","(A) STATE 310299, (B) STATE 316945 A. THE SETTING",1979LAPAZ10719,UNCLASSIFIED,20 Mar 2014,"ECONOMIC CONDITIONS, FOREIGN POLICY POSITION, INTELLIGENCE ASSESSMENTS, POLITICAL SITUATION"
filename_1738525416826.pdf,07 aug 1979,AMEMBASSY LA PAZ,SECSTATE IMMEDIATE 7626,BOLIVIA'S RETURN TO CONSTITUTIONAL RULE VIA INDIRECT ELECTION OF PRESIDENT-ELECT WALTER GUEVARA ARZE,"PINT, BL",NA,1979LAPAZ06712,UNCLASSIFIED,20 Mar 2014,"CONSTITUTIONAL LAW, INTERIM GOVERNMENT, PRESIDENTIAL ELECTIONS, DISPUTED ELECTIONS, PERSONNEL"
filename_1738525417208.pdf,30 aug 1979,AMEMBASSY LA PAZ,SECSTATE WASHDC PRIORITY 7964,BENJAMIN MENDOZ-FLORES,ASEC,"STATE 215721 OF AUGUST 18, 1979",1979LAPAZ07397,UNCLASSIFIED,20 Mar 2014,n/a
filename_1738525417228.pdf,19 oct 1979,AMEMBASSY LA PAZ,SECSTATE WASHDC IMMEDIATE 8725,DRAFT PRESS RELEASE ON THE OCCASION OF THE SECRETARY'S VISIT,"OVIP (VANCE, CYRUS)","(A) STATE 271747, (B) LA PAZ 8767",1979LAPAZ08894,UNCLASSIFIED,20 Mar 2014,"TEXT, PRESS RELEASES, VISITS, MEETINGS"
filename_1738525418088.pdf,06 dec 1979,AMEMBASSY LA PAZ,SECSTATE WASHDC NIACT IMMEDIATE 9641,"DEATH OF U.S. CITIZEN FRANCES CHRISTIAN RING TO: PEARSON FUNERAL HOME 905 SOUTH COMMERCE STREET OVERTON, TEXAS TEL (214) 834-3111","CDES, BL (RING, FRANCES CHRISTIAN)",NA,1979LAPAZ10440,UNCLASSIFIED,20 Mar 2014,n/a
filename_1738525418090.pdf,16 may 1979,AMEMBASSY LA PAZ,SECSTATE WASHDC 6265,BOLIVIAN POWER COMPANY,"EINV, BL",STATE 120454,1979LAPAZ04250,UNCLASSIFIED,20 Mar 2014,"INSURANCE, LOAN GUARANTEES, FOREIGN INVESTMENTS"
filename_1738525418481.pdf,17 apr 1979,AMEMBASSY LA PAZ,SECSTATE WASHDC 5585,"NECESSARY DOCUMENTATION FOR FORD BRONCO PURCHASED BY CARLOS LOPEZ TO: FORD MOTOR CO 815 CONNECTICUT AVE, NW WASHINGTON DC 20006",SNAR,"LETTER OF APRIL 5, 1979 REMINDER - MISSION REQUIRES THE FOLLOWING DOCUMENTS:",1979LAPAZ03326,UNCLASSIFIED,20 Mar 2014,n/a
filename_1738525418499.pdf,04 sep 1979,AMEMBASSY LA PAZ,SECSTATE WASHDC 8005,"INM AUTHORIZATION TO PURCHASE HOUSEHOLD FURNITURE AND APPLICANCES, UNIVERSITY OF FLORIDA CONTRACT, AGRICULTURAL DEVELOPMENT IN COCA ZONES",SNAR,NA,1979LAPAZ07486,UNCLASSIFIED,20 Mar 2014,n/a
filename_1738525419655.pdf,01 aug 1979,AMEMBASSY LA PAZ,SECSTATE WASHDC 7531,W/W FRANK ALBERT LEAVENS,"CASC, BL (LEAVENS, FRANK ALBERT)",NA,1979LAPAZ06554,UNCLASSIFIED,20 Mar 2014,n/a
filename_1738525419695.pdf,09 jan 1979,AMEMBASSY LA PAZ,SECSTATE WASHDC PRIORITY 4255,GORM FOR FY 1981 - CONSULAR WORKLOAD,"CGEN, BUD, BL","(A) STATE 3141, (B) 78 LA PAZ 1579",1979LAPAZ00223,UNCLASSIFIED,20 Mar 2014,n/a
filename_1738525419976.pdf,18 jan 1979,AMEMBASSY LA PAZ,SECSTATE WASHDC 4397,MUTUN IRON AND STEEL,"BENC, BL",NA,1979LAPAZ00497,UNCLASSIFIED,20 Mar 2014,n/a
filename_1738525419997.pdf,05 jan 1979,AMMEMBASSY LA PAZ,AMEMBASSY BOGOTA,NA,"OTRA, BL",NA,1979LAPAZ00129,UNCLASSIFIED,20 Mar 2014,n/a
filename_1738525421696.pdf,14 mar 1979,AMEMBASSY LA PAZ,AMEMBASSY MADRID,BIO DATA ON BOLIVIAN AMBASSADOR TO MADRID,"PINT, SP, BL","(A) MADRID 3467, (B) LA PAZ 1174",1979LAPAZ02196,UNCLASSIFIED,20 Mar 2014,"BIOGRAPHIC INFORMATION, AMBASSADORS"
filename_1738525423063.pdf,05 nov 1979,AMEMBASSY LA PAZ,SECSTATE WASHDC 9085,NA,"CASC, BL (HALE, CHARLES) (HALE, MARIE)",NA,1979LAPAZ09490,UNCLASSIFIED,20 Mar 2014,n/a
filename_1738525423125.pdf,13 nov 1979,AMEMBASSY LA PAZ,SECSTATE WASHDC 9242,NARCOTICS CONTROL: COMMODITY REQUIREMENT,SNAR,NA,1979LAPAZ09738,UNCLASSIFIED,20 Mar 2014,"PERSONNEL TRAINING, DRUG CONTROL, PROGRAMS (PROJECTS)"
filename_1738525423771.pdf,13 oct 1979,SECSTATE WASHDC,AMEMBASSY LA PAZ,RESPONSE TO LETTER FROM HUGO BANZER TO THE PRESIDENT,"EMIN, PINT, BL",NA,1979STATE268392,UNCLASSIFIED,20 Mar 2014,"TEXT, CONDEMNATION, SALES, TIN, PUBLIC CORRESPONDENCE, US CONGRESSIONAL LEGISLATIVE BILLS, STOCKPILES"
filename_1738525423852.pdf,13 sep 1979,AMEMBASSY LA PAZ,SECSTATE WASHDC 8146,"DEATH OF US CITIZEN HAROLD D. POOLE TO: ROCKWELL-DRAPER DIVISION 17 METRO DRIVE P.O. BOX 5047 SPARTANBURG, SOUTH CAROLINA TEL. 803-585-6411",CDES (HAROLD POOLE),NA,1979LAPAZ07793,UNCLASSIFIED,20 Mar 2014,n/a
filename_1738525424411.pdf,04 oct 1979,AMEMBASSY LA PAZ,SECSTATE WASHDC 8476,BOLIVIA'S FOREIGN DEBT,"ECON, EFIN, BL",NA,1979LAPAZ08442,UNCLASSIFIED,20 Mar 2014,"DEBT DATA, GOVERNMENT DEBTS, DEBT REPAYMENTS"
filename_1738525425333.pdf,26 oct 1979,AMEMBASSY LA PAZ,SECSTATE WASHDC 8898,"OCTOBER 25 ""ANTI-IMPERIALIST"" DEMONSTRATIONS DRAW LARGE CRODS","OLAB, BL",LA PAZ 9142,1979LAPAZ09196,UNCLASSIFIED,20 Mar 2014,"PUBLIC DEMONSTRATIONS, ANTIAMERICAN"
filename_1738525426074.pdf,01 nov 1979,AMEMBASSY LA PAZ,SECSTATE WASHDC 8988,"ACTION AGAINST EGYPT IN FAO CONFERENCE NOVEMBER 10-30, 1979","PORG, FAO",STATE 282993,1979LAPAZ09361,UNCLASSIFIED,20 Mar 2014,"DEMARCHE, RELOCATION, AGRICULTURE, TRANSFER OF OFFICES, REPRISALS, SPECIALIZED AGENCIES (UN)"
filename_1738525426313.pdf,12 sep 1979,AMEMBASSY LA PAZ,SECSTATE WASHDC 8124,1979 GSP PRODUCT REVIEW HEARINGS,"ETRD, GSP","A) STATE 224372, B) STATE 209964 COMMERCIAL ATTACHE HAS CONVEYED INFORMATION REGARDING GSP PRODUCT REVIEW HEARING AT A NUMBER OF MEETINGS WITH MINISTRY OF INDUSTRY AND COMMERCE OFFICIALS INCLUDING UNDER SECRETARY OF COMMERCE. MOST RECENT MEETING, SEPTEMBER 10, WITH NEW DIRECTOR GENERAL OF FOREIGN TRADE RESULTED IN FOLLOWING POINTS:",1979LAPAZ07746,UNCLASSIFIED,20 Mar 2014,"GENERALIZED PREFERENCES (TARIFFS), MEETING DELEGATIONS"
filename_1738525427108.pdf,23 may 1979,AMEMBASSY LA PAZ,SECSTATE WASHDC 6392,"NARCOTICS: SELECTION OF CONSULTANTS FOR TROPICAL AND CITRUS FRUITS FEASIBILITY STUDIES, RFP NO. 3104-802525, BOLIVIA AGRICULTURAL DEVELOPMENT IN COCA ZONES, PROW/AG 104-0-02-02 THE EVALUATION PANEL SELECTED INCLUDED THE FOLLOWING INDIVIDUALS: ING. CLOVIS VILLEGAS, DIRECTOR OF MARKETING, PROJECT FOR THE DEVELOPMENT OF THE CHAPARE - YUNGAS (PRODES); ING. FRANCISCO PEREIRA, ACTING DIRECTOR, BOLIVIAN AGRICULTURAL TECHNOLOGY INSTITUTE (IBTA); THOMAS C. JAMES, GERERAL SERVICES OFFICER, USEMB/LA PAZ; CARLOS E. FERRO, PROCUREMENT OFFICER, OFFICE OF DEVELOPMENT RESOURCES, USAID/ BOLIVIA; HOWARD L. STEELE, PROJECT MANAGER, USDA/OINM. THE PANEL MET IN TWO FORMAL SESSIONS, MAY 14 AND MAY 17. ON MAY 17 EACH EVALUATOR SUBMITTED A TECHNICAL EVALUATION CRITERIA SHEET AND HIS WRITTEN COMMENTS ABOUT EACH FIRM'S TECHNICAL PROPOSAL. THE RESULTS ARE AS FOLLOWS:",SNAR,NA,1979LAPAZ04507,UNCLASSIFIED,20 Mar 2014,"AGRICULTURAL DEVELOPMENT, NARCOTICS, CONSULTANTS, FRUITS, STUDIES"
filename_1738525427901.pdf,15 nov 1979,AMEMBASSY LA PAZ,SECSTATE WASHDC IMMEDIATE 9294,(U) BOLIVIAN BANK HOLIDAY,"ECON, BL",NA,1979LAPAZ09866,UNCLASSIFIED,20 Mar 2014,"DECISION, BANKS, HOLIDAYS"
filename_1738525428724.pdf,07 aug 1979,AMEMBASSY LA PAZ,SECSTATE WASHDC IMMEDIATE 7627,"WALTER GUEVARA ARZE, BOLIVIA'S NEW INTERIM PRESIDENT","PINT, PINR, BL",NA,1979LAPAZ06713,UNCLASSIFIED,20 Mar 2014,"BIOGRAPHIC INFORMATION, PRESIDENT, INTERIM GOVERNMENT"
filename_1738525535345.pdf,19 apr 1979,AMEMBASSY LA PAZ,SECSTATE WASHDC 5846,18TH ECLA PLENARY: INAUGURAL SESSION,ECLA,NA,1979LAPAZ03447,UNCLASSIFIED,20 Mar 2014,"MEETING PROCEEDINGS, REGIONAL ORGANIZATIONS, ORGANIZATION & MANAGEMENT"
filename_1738525535391.pdf,08 may 1979,AMEMBASSY LA PAZ,AMEMBASSY LIMA,INOPPORTUNE DROP IN 1979 BOLIVIAN COTTON PRODUCTION,"EAGR, EPAP BL",NA,1979LAPAZ04006,UNCLASSIFIED,20 Mar 2014,"COTTON, CROP DESTRUCTION, PRODUCTION DATA"
filename_1738525535455.pdf,14 mar 1979,AMEMBASSY LA PAZ,SECSTATE WASHDC PRIORITY 5237,AMBASSADOR'S COMMENTS ON ARA/ECP PAPER ON BOLIVIAN ECONOMY AND US LENDING OPTIONS,"PFOR, EFIN, BL",NA,1979LAPAZ02233,UNCLASSIFIED,20 Mar 2014,"PAPERS, AMBASSADORS"
filename_1738525535506.pdf,10 mar 1979,AMEMBASSY LA PAZ,SECSTATE 5166,BOLIVIA'S OIL IMPORT PROBLEM-A BRAZILIAN SOLUTION?,"ENRG, BL",NA,1979LAPAZ02086,UNCLASSIFIED,20 Mar 2014,"PETROLEUM, GASOLINE, TRADE AGREEMENTS"
filename_1738525536510.pdf,26 oct 1979,AMEMBASSY LA PAZ,SECSTATE WASHDC PRIORITY 8877,NA,"ETRD, PORG, XM, XL, OAS",NA,1979LAPAZ09150,UNCLASSIFIED,20 Mar 2014,"REGIONAL ORGANIZATIONS, MEETING PROCEEDINGS"
filename_1738525536544.pdf,03 nov 1979,SECSTATE WASHDC,AMEMBASSY LA PAZ NIACT IMMEDIATE,Q'S AND A'S FROM 11/2/79 NOON PRESS BRIEFING,"PINT, BL",NA,1979STATE287386,UNCLASSIFIED,20 Mar 2014,"GOVERNMENT OVERTHROW, PRESS CONFERENCES, POLITICAL SITUATION, FOREIGN POLICY POSITION"
filename_1738525536591.pdf,02 aug 1979,AMEMBASSY LA PAZ,SECSTATE WASHDC IMMEDIATE 7571,GUEST LIST FOR DINNER IN HONOR OF FIRST LADY,"OVIP, PDIP, BL",NA,1979LAPAZ06628,UNCLASSIFIED,20 Mar 2014,"VISITS, SOCIAL RECEPTIONS"
filename_1738525536677.pdf,28 nov 1979,AMEMBASSY LA PAZ,SECSTATE WASHDC IMMEDIATE 9494,1979 HUMAN RIGHTS REPORT: BOLIVIA TEXT OF 1979 HUMAN RIGHTS REPORT FOR BOLIVIA FOLLOWS: (BEGIN TEXT) INTRODUCTION,"SHUM, BL",NA,1979LAPAZ10216,UNCLASSIFIED,20 Mar 2014,"HUMAN RIGHTS, REPORTS"
filename_1738525537650.pdf,06 dec 1979,AMEMBASSY LA PAZ,SECSTATE WASHDC NIACT IMMEDIATE 9642,"DEATH OF U.S. CITIZEN FRANCES CHRISTIAN RING TO: MR. CLAYTON HALL 5906 EAST UNIVERSITY BOULEVARD APT 201 DALLAS, TEXAS 75206 TEL. (214) 739-2921","CDES, BL (RING, FRANCES CHRISTIAN)",NA,1979LAPAZ10441,UNCLASSIFIED,20 Mar 2014,n/a
filename_1738525537834.pdf,06 jul 1979,AMEMBASSY LA PAZ,SECSTATE WASHDC PRIORITY 7128,MAJOR PROJECT: LEAD/SILVER METALLURGICAL PROJECT,"BENC, BL","(A) STATE 167233, (B) LA PAZ 5090",1979LAPAZ05806,UNCLASSIFIED,20 Mar 2014,n/a
filename_1738525537839.pdf,14 mar 1979,SECSTATE WASHDC,AMEMBASSY LA PAZ PRIORITY,NA,"CPRS: (ILLOBRE, MARIO R.)",NA,1979STATE062940,UNCLASSIFIED,20 Mar 2014,n/a
filename_1738525538056.pdf,03 may 1979,AMEMBASSY LA PAZ,SECSTATE WASHDC PRIORITY 6069,W/W FUNDS: JUDITH VICENTE,"CASC, BL (VICENTE, JUDITH)",NA,1979LAPAZ03885,UNCLASSIFIED,20 Mar 2014,n/a
filename_1738525538572.pdf,11 oct 1979,AMEMBASSY LA PAZ,SECSTATE WASHDC IMMEDIATE 8571,EX-PRESIDENT PADILLA'S VISIT TO US FOR MEDICAL TREATMENT,"OVIP, BL",NA,1979LAPAZ08626,UNCLASSIFIED,20 Mar 2014,"MEDICAL CARE, POLITICAL LEADERS, VISITS"
filename_1738525538736.pdf,08 jan 1979,AMEMBASSY LA PAZ,AMEMBASSY BONN,KLOCKNER LEAD-SILVER SMELTER PROJECT,"EMIN, EIND, BL",BONN 00279,1979LAPAZ00177,UNCLASSIFIED,20 Mar 2014,"SILVER, CONSTRUCTION, FOREIGN INVESTMENT, LEAD, PROGRAMS (PROJECTS), PROPOSALS (BID)"
filename_1738525539225.pdf,17 nov 1979,AMEMBASSY LA PAZ,SECSTATE WASHDC NIACT IMMEDIATE 9338,CONGRESS CHOOSES GUEILER TO BE INTERIM PRESIDENT OF BOLIVIA,"PINT, PINS, BL",NA,1979LAPAZ09940,UNCLASSIFIED,20 Mar 2014,"PRESIDENT, INTERIM GOVERNMENT, POLITICAL SETTLEMENT"
filename_1738525539418.pdf,03 nov 1979,AMEMBASSY LA PAZ,SECSTATE WASHDC PRIORITY 9013,NA,"PINT, PDIP, BL",NA,1979LAPAZ09408,UNCLASSIFIED,20 Mar 2014,"AMBASSADORS, DIPLOMATIC COMMUNICATIONS"
filename_1738525542027.pdf,09 jan 1979,AMEMBASSY LA PAZ,SECSTATE WASHDC 4258,THE BOLIVIAN ECONOMY LIMPS INTO 1979,"EGEN, EFIN, ECON, BL",NA,1979LAPAZ00230,UNCLASSIFIED,20 Mar 2014,ECONOMIC DEVELOPMENT
filename_1738525542372.pdf,29 oct 1979,AMEMBASSY LA PAZ,SECSTATE WASHDC PRIORITY 8913,BOLIVIAN FOREIGN EXCHANGE POSITION AND STATUS OF NEGOTIATIONS WITH THE IMF,"ECON, BL","(A) LA PAZ 8232, (B) LA PAZ 7955, (C) LA PAZ 7871, (D) LA PAZ 7471",1979LAPAZ09224,UNCLASSIFIED,20 Mar 2014,"FINANCIAL CRISIS, ECONOMIC STABILITY, FOREIGN EXCHANGE, NEGOTIATIONS, ECONOMIC PROGRAMS"
filename_1738525543259.pdf,22 mar 1979,AMEMBASSY LA PAZ,SECSTATE WASHDC 5356,DIPLOMATIC IMMUNITY,"PDIP, ASEC","(A) LA PAZ 2172, (B) SHAMWELL/GEIGER TELCON 3/14/79",1979LAPAZ02492,UNCLASSIFIED,20 Mar 2014,DIPLOMATIC PRIVILEGES
filename_1738525543364.pdf,19 nov 1979,AMEMBASSY LA PAZ,SECSTATE WASHDC NIACT IMMEDIATE 9359,BOLIVIAN NEGOTIATIONS WITH THE IMF,"EFIN, BL",NA,1979LAPAZ09970,UNCLASSIFIED,20 Mar 2014,"NEGOTIATIONS, IMF REPAYMENTS"
filename_1738525543978.pdf,01 aug 1979,AMEMBASSY LA PAZ,AMEMBASSY BUENOS AIRES,ANGLO BOLIVIAN LAND AND CATTLE CO.,"SOCI, BL, BBAK","A) 78 LA PAZ 3489, B) 78 USDOC 08830, C) 78 USDOC 12337, D) 78 AMSTERDAM 693, E) 78 LONDON 10982, F) BUENOS AIRES 5925",1979LAPAZ06550,UNCLASSIFIED,20 Mar 2014,"LAND, CATTLE"
filename_1738525544639.pdf,11 may 1979,AMEMBASSY LA PAZ,SECSTATE WASHDC PRIORITY 6225,BOLIVIAN FINANCIAL CRISIS DEEPENS,"EFIN, EGEN, BL",NA,1979LAPAZ04170,UNCLASSIFIED,20 Mar 2014,"FINANCIAL CRISIS, GOVERNMENT DEBTS, FINANCIAL RESERVES"
filename_1738525545385.pdf,15 mar 1979,AMEMBASSY LA PAZ,SECSTATE WASHDC PRIORITY 5260,(C) THE BOLIVIAN ECONOMY ON A TIGHTROPE; CERP 102,"EGEN, EFIN, BL",(A) LA PAZ 2233 (STADIS) (B) LA PAZ 1469,1979LAPAZ02299,UNCLASSIFIED,20 Mar 2014,"CERP, ECONOMIC REPORTS, ECONOMIC DATA"
filename_1738525546895.pdf,11 apr 1979,AMEMBASSY LA PAZ,SECSTATE WASHDC IMMEDIATE 5736,"ECLA CONFERENCE, LA PAZ, APRIL 18-26, 1979","OCON, OTRA, ECLA, BL",NA,1979LAPAZ03227,UNCLASSIFIED,20 Mar 2014,n/a
filename_1738525547491.pdf,21 nov 1979,AMEMBASSY LA PAZ,SECSTATE WASHDC PRIORITY 9417,JUSTIFICATION FOR IMET,"MASS, MPOL, BL",STATE 292744,1979LAPAZ10076,UNCLASSIFIED,20 Mar 2014,"MILITARY TRAINING, DOCUMENTS, US CONGRESSIONAL PRESENTATIONS"
filename_1738525547943.pdf,19 oct 1979,AMEMBASSY LA PAZ,SECSTATE WASHDC NIACT IMMEDIATE 8737,"PRELIMINARY SITE SURVEY - LA PAZ, BOLIVIA","ASEC, OVIP (VANCE, CYRUS)",NA,1979LAPAZ08916,UNCLASSIFIED,20 Mar 2014,"SECURITY, ITINERARY, SURVEYS"
filename_1738525548257.pdf,06 aug 1979,AMEMBASSY LA PAZ,SECSTATE WASHDC NIACT IMMEDIATE 7623,INITIATIVE TO NAME GUEVARA INTERIM PRESIDENT MAY PROSPER,"PINT, BL",NA,1979LAPAZ06709,UNCLASSIFIED,20 Mar 2014,"CONSTITUTIONAL LAW, INTERIM GOVERNMENT, PRESIDENTIAL ELECTIONS, DISPUTED ELECTIONS, PERSONNEL"
filename_1738525548604.pdf,01 nov 1979,AMEMBASSY LA PAZ,SECSTATE WASHDC 8975,ANDEAN PACT MEMBERS SIGN ANDEAN PACT PARLIAMENT AGREEMENT,"ECIN, BL",STATE 272944,1979LAPAZ09336,UNCLASSIFIED,20 Mar 2014,"TREATY RATIFICATION, COMMON MARKETS, ESTABLISHMENT OF OFFICES, CENTRAL LEGISLATURE"
filename_1738525549020.pdf,19 nov 1979,AMEMBASSY LA PAZ,SECSTATE WASHDC PRIORITY 9370,INTERIM PRESIDENT LIDIA GUEILER,"PINT, PINS, BL",NA,1979LAPAZ09990,UNCLASSIFIED,20 Mar 2014,"PRESIDENT, INTERIM GOVERNMENT, BIOGRAPHIC INFORMATION"
filename_1738525550181.pdf,05 sep 1979,AMEMBASSY LA PAZ,SECSTATE WASHDC 8025,"USE OF GRANT FUNDS TO SUPPLEMENT SALARY OF EXECUTIVE DIRECTOR OF PRODES, AGRICULTURAL DEVELOPMENT IN COCA ZONES PROJECT 104-0-02-02-90002.",SNAR,CHAIJ/MUDD TELECON 28 AUGUST 1979,1979LAPAZ07538,UNCLASSIFIED,20 Mar 2014,"AGRICULTURAL DEVELOPMENT, GRANTS"
filename_1738525550423.pdf,02 aug 1979,AMEMBASSY LA PAZ,SECSTATE WASHDC IMMEDIATE 7560,NA,"PDIP, OVIP, BL",NA,1979LAPAZ06614,UNCLASSIFIED,20 Mar 2014,"ITINERARY, VISITS"
filename_1738525551246.pdf,08 mar 1979,AMEMBASSY LA PAZ,SECSTATE WASHDC 5135,(S) THE PADILLA GOVERNMENT - A BALANCE SHEET OF NEGATIVES,"POINT, BL",NA,1979LAPAZ02023,UNCLASSIFIED,20 Mar 2014,"DEMOCRACY, FORM OF GOVERNMENT"
filename_1738525552327.pdf,13 nov 1979,AMEMBASSY LA PAZ,SECSTATE WASHDC NIACT IMMEDIATE 9233,TRIPARTITE NEGOTIATIONS CONTINUE,"PINS, PINT, BL",NA,1979LAPAZ09725,UNCLASSIFIED,20 Mar 2014,"ARMED FORCES, LABOR, LEGISLATORS, POLITICAL SETTLEMENT, NEGOTIATIONS"
filename_1738525552630.pdf,16 mar 1979,AMEMBASSY LA PAZ,SECSTATE WASHDC 5282,(C) PROSPECTS FOR LABOR PEACE THROUGH THE JULY ELECTIONS REMAIN GOOD,"ELAB, BL",LA PAZ A-05,1979LAPAZ02347,UNCLASSIFIED,20 Mar 2014,"LABOR, PEACE, ELECTIONS"
filename_1738525552941.pdf,04 apr 1979,AMEMBASSY LA PAZ,SECSTATE WASHDC 5598,ANNUAL NARCOTICS STATUS REPORT,"SNAR, BL",STATE A-434,1979LAPAZ02940,UNCLASSIFIED,20 Mar 2014,"NARCOTICS, ANNUAL REPORTS"
filename_1738525555948.pdf,05 dec 1979,SECSTATE WASHDC,AMEMBASSY LA PAZ NIACT IMMEDIATE,"PROPOSED FOURTH AMENDMENT TO THE TITLE I/III PL 480 AGREEMENT OF MAY 31, 1978 REFS: (A) LA PAZ 6784; (B) LA PAZ 7870; (C) STATE 131738 (MAY 24, 1978); (D) STATE 109068; (E) LA PAZ 10034; (F) STATE 310295 (G) BLOHM-BOEKER TELCON DECEMBER 5","EAID, BL",NA,1979STATE313541,UNCLASSIFIED,20 Mar 2014,"PL 480, AMENDMENTS, FOREIGN ASSISTANCE AGREEMENTS"
filename_1738525556111.pdf,15 sep 1979,AMEMBASSY LA PAZ,SECSTATE WASHDC PRIORITY 8175,GOB NEGOTIATIONS WITH IMF,"EFIN, ECON, BL","A) STATE 236589, B) LA PAZ 7451, C) LA PAZ 7552",1979LAPAZ07871,UNCLASSIFIED,20 Mar 2014,"NEGOTIATIONS, FINANCIAL AGREEMENTS"
filename_1738525556180.pdf,31 aug 1979,AMEMBASSY LA PAZ,SECSTATE WASHDC PRIORITY 7995,GOB DISCUSSIONS WITH IMF,"EFIN, ECON, BL",NA,1979LAPAZ07471,UNCLASSIFIED,20 Mar 2014,"MEETINGS, ECONOMIC PROGRAMS"
filename_1738525557539.pdf,21 jul 1979,AMEMBASSY LA PAZ,SECSTATE WASHDC PRIORITY 7352,US/GOB NARCOTICS PROGRAM: PROPOSED DEMARCHE BY PRESIDENT CARTER'S REPRESENTATIVE TO BOLIVIAN INAUGURAL,"SNAR, OVIP, PDIP, BL",NA,1979LAPAZ06238,UNCLASSIFIED,20 Mar 2014,"NARCOTICS, DEMARCHE, PRESIDENT"
filename_1738525558947.pdf,05 oct 1979,AMEMBASSY LA PAZ,SECSTATE WASHDC 8501,IMPLEMENTATION OF NARCOTICS PROGRAM IN FY 80 - EXTENSION OF UNIVERSITY OF FLORIDA CONTRACT,"SNAR, BL","(A) LA PAZ 8308, (B) LA PAZ 7516",1979LAPAZ08493,UNCLASSIFIED,20 Mar 2014,"REPORTS, DRUG CONTROL, PROGRAMS (PROJECTS), INTERGOVERNMENTAL COOPERATION"
filename_1738525559865.pdf,30 nov 1979,AMEMBASSY LA PAZ,SECSTATE WASHDC IMMEDIATE 9551,GOB ANNOUNCES ECONOMIC MEASURES,"ECON, BL",LA PAZ 9970 (NOTAL),1979LAPAZ10309,UNCLASSIFIED,20 Mar 2014,"ECONOMIC CONTROLS, DEVALUATIONS, CURRENCIES"
filename_1738525560279.pdf,09 may 1979,AMEMBASSY LA PAZ,SECSTATE WASHDC 6160,ANNUAL INTEGRATED ASSESSMENT OF SECURITY ASSISTANCE,"MASS, MPOL, XX","(A) STATE 77582, (B) 78 STATE 167901, (C) 78 LA PAZ 6309",1979LAPAZ04058,UNCLASSIFIED,20 Mar 2014,"ANNUAL REPORTS, MILITARY ASSISTANCE PROGRAMS"
filename_1738525560900.pdf,05 oct 1979,AMEMBASSY LA PAZ,SECSTATE WASHDC IMMEDIATE 8493,"GUEVARA BIDS TO EXTEND HIS TERM, AMID AN ATMOSPHERE OF MILITARY-CIVILIAN CONFRONTATION","PINT, BL",NA,1979LAPAZ08491,UNCLASSIFIED,20 Mar 2014,"PRESIDENT, POLICIES, POLITICAL STABILITY, POLITICAL MILITARY RELATIONS, PRESIDENTIAL SUCCESSION, ELECTIONS"
filename_1738525561319.pdf,07 dec 1979,AMEMBASSY LA PAZ,SECSTATE WASHDC PRIORITY 9657,GOB ECONOMIC MEASURES,"ECON, BL",LA PAZ 10309,1979LAPAZ10472,UNCLASSIFIED,20 Mar 2014,"ECONOMIC CONDITIONS, ECONOMIC PROGRAMS"
filename_1738525561842.pdf,02 aug 1979,AMEMBASSY LA PAZ,SECSTATE WASHDC IMMEDIATE 7573,NA,"PDIP, BL",NA,1979LAPAZ06634,UNCLASSIFIED,20 Mar 2014,"INAUGURATION, VISITS, PRESS RELEASES"
filename_1738525567711.pdf,17 oct 1979,AMEMBASSY LA PAZ,SECSTATE WASHDC 8687,INVESTMENT DISPUTE - PROPOSED GOB TAKEOVER OF US COMPANY,"EINV, BL",NA,1979LAPAZ08835,UNCLASSIFIED,20 Mar 2014,"NATIONALIZATION, COMPENSATION, CENTRAL LEGISLATURE, RESOLUTIONS, PUBLIC UTILITIES"
filename_1738525569032.pdf,26 feb 1979,AMEMBASSY LA PAZ,SECSTATE WASHDC 4959,CONSULAR PACKAGE - 1981,CGEN,STATE 26626,1979LAPAZ01684,UNCLASSIFIED,20 Mar 2014,n/a
filename_1738525569066.pdf,23 apr 1979,AMEMBASSY LA PAZ,SECSTATE WASHDC PRIORITY 5887,ECLA SESSIONAL COMMITTEE ON WATER RESOURCES (COMMITTEE III),"ECLA, OCON, UN, SENV",STATE 81310,1979LAPAZ03534,UNCLASSIFIED,20 Mar 2014,"WATER, COMMITTEES"
filename_1738525569209.pdf,30 aug 1979,AMEMBASSY LA PAZ,SECSTATE WASHDC 7959,FORTNIGHT TRENDS REPORT,"PINT, BL",NA,1979LAPAZ07386,UNCLASSIFIED,20 Mar 2014,"DISPUTES, PRESIDENT, TRENDS, POLITICAL LEADERS, POLITICAL SUMMARIES, CENTRAL LEGISLATURE"
filename_1738525569315.pdf,08 feb 1979,AMEMBASSY LA PAZ,SECSTATE WASHDC 4727,(U) ELECTION YEAR 1979: THE VIEW FROM SANTA CRUZ,"PINT, BL",NA,1979LAPAZ01225,UNCLASSIFIED,20 Mar 2014,"ELECTIONS, POLITICAL SITUATION"
filename_1738525613702.pdf,29 dec 1979,AMEMBASSY LA PAZ,SECSTATE WASHDC IMMEDIATE 9949,BOLIVIAN GOVERNMENT SIGNS IMF LETTER OF INTENT,"EFIN, BL","(A) LA PAZ 10725, (B) LA PAZ 10745, (C) STATE 330263",1979LAPAZ10988,UNCLASSIFIED,20 Mar 2014,"FINANCIAL AGREEMENTS, IMF DRAWING RIGHTS, FINANCIAL PROGRAMS"
filename_1738525614293.pdf,17 feb 1979,AMEMBASSY LA PAZ,SECSTATE WASHDC 4842,"(C) ECONOMIC STABILIZATION MEASURES BY GOB UNLIKELY, BUT A FINANCIAL CRISIS SHOULD BE AVOIDABLE","EGEN, EFIN, BL",NA,1979LAPAZ01469,UNCLASSIFIED,20 Mar 2014,FINANCIAL CRISIS
filename_1738525614334.pdf,02 jul 1979,AMEMBASSY LA PAZ,SECSTATE WASHDC NIACT IMMEDIATE 0000,ELECTION DAY IMPRESSIONS,"PINT, BL",NA,1979LAPAZ05655,UNCLASSIFIED,20 Mar 2014,ELECTION RESULTS
filename_1738525615457.pdf,24 apr 1979,AMEMBASSY LA PAZ,SECSTATE WASHDC PRIORITY 5899,ECLA PLENARY CONFERENCE: COMMITTEE II (INSTITUTIONAL ISSUES/PROGRAM OF WORK),"OCON, ECLA, UN",LA PAZ 3493,1979LAPAZ03561,UNCLASSIFIED,20 Mar 2014,n/a
filename_1738525615508.pdf,19 apr 1979,AMEMBASSY LA PAZ,SECSTATE WASHDC 5816,(C) POLITICAL TRENDS: FIRST QUARTER 1979,"PINT, BL",NA,1979LAPAZ03402,UNCLASSIFIED,20 Mar 2014,"POLITICAL STABILITY, TRENDS, POLITICAL SITUATION"
filename_1738525616570.pdf,31 aug 1979,AMEMBASSY LA PAZ,SECSTATE WASHDC IMMEDIATE 7997,BANZER GOES ON TRIAL BEFORE CONGRESS,"POINT, BL",NA,1979LAPAZ07472,UNCLASSIFIED,20 Mar 2014,"TREASON TRIALS, CENTRAL LEGISLATURE, POLITICAL LEADERS, COURT PROCEEDINGS"
filename_1738525727858.pdf,26 dec 1979,SECSTATE WASHDC,AMEMBASSY LA PAZ,1979 BOLIVIA HUMAN RIGHTS REPORT,"SHUM, BL",NA,1979STATE331361,UNCLASSIFIED,20 Mar 2014,"HUMAN RIGHTS, REPORTS"
filename_1738525727867.pdf,15 nov 1979,AMEMBASSY SAN JOSE,SECSTATE WASHDC 6707,NA,"PINT, PEPR, PORG, BL",SAN JOSE 5164 (NOTAL),1979SANJO05291,UNCLASSIFIED,20 Mar 2014,"GOVERNMENT OVERTHROW, JUNTA, PRESS RELEASES, POLITICAL PARTIES"
filename_1738525728687.pdf,02 nov 1979,SECSTATE WASHDC,USDEL SECRETARY IMMEDIATE,"DAILY PRESS BRIEFING, NOVEMBER 1, 1979","SOPN, OVIP (VANCE, CYRUS R.)",NA,1979STATE286983,UNCLASSIFIED,20 Mar 2014,"PUBLIC DEMONSTRATIONS, GOVERNMENT OVERTHROW, TOSEC, PRESS SUMMARIES, POLITICAL SITUATION, STUDENTS,"
filename_1738525728705.pdf,14 dec 1979,SECSTATE WASHDC,AMEMBASSY LA PAZ PRIORITY,CONVERSATION BETWEEN WALTER GUEVARA ARZE AND ASSISTANT SECRETARY VAKY,"PINT, BL",NA,1979STATE322132,UNCLASSIFIED,20 Mar 2014,"DIPLOMATIC DISCUSSIONS, POLITICAL SITUATION, TRENDS"
filename_1738526026117 Boeker Natusch 3Aug1978.pdf,03 aug 1978,AMEMBASSY LA PAZ,SECSTATE WASHDC IMMEDIATE 1973,PEREDA MAKING HEADWAY ON HIS ELECTION PLAN,PINT BL,"LA PAZ 6172, LA PAZ 6107",1978LAPAZ06188,UNCLASSIFIED,20 Mar 2014,"GOVERNMENT REFORM, REPORTS, NATIONAL ELECTIONS, CAT-B"
filename_1738526026117 Boeker Natusch Aug1978.pdf,01 aug 1978,AMEMBASSY LA PAZ,SECSTATE WASHDC IMMEDIATE 1935,PEREDA'S PLANS,"PINT, BL",STATE 193264,1978LAPAZ06107,UNCLASSIFIED,20 Mar 2014,"GOVERNMENT REFORM, POLICIES, MEETINGS, NATIONAL ELECTIONS, MEETING REPORTS, CAT-B"
filename_1738526783197.pdf,02 JAN 1974,AMEMBASSY LA PAZ,SECSTATE WASHDC IMMEDIATE 1844,NA,"EAID, BL","LA PAZ 7697 SUMMARY: MININD/COM PEREDA CALLED AMBASSADOR TO MINISTRY JANUARY 2 AND MADE STRONG PLEA FOR NEW PL-480 AGREEMENT AND FOR WHEAT ARRIVALS TO TAKE CARE OF SHORTAGES EXPECTED AFTER MARCH 1974. ACTION REQUESTED: ADVISE STATUS OF GOB REQUEST FOR NEW PL-480 AGREEMENT (SEE LA PAZ 5021 OF AUGUST 16, 1973, AND SUBSEQUENT.)",1974LAPAZ00015,UNCLASSIFIED,30 JUN 2005,"FOOD SHORTAGE, WHEAT, AGRICULTURAL AGREEMENTS, PL 480 TITLE 1, NEGOTIATIONS"
filename_1738526784004.pdf,03 JAN 1974,AMEMBASSY LA PAZ,USDOC WASHDC PRIORITY,NA,BEXP ENRG BL,NA,1974LAPAZ00039,UNCLASSIFIED,30 JUN 2005,n/a
filename_1738526784163.pdf,04 JAN 1974,AMEMBASSY LA PAZ,SECSTATE WASHDC 1871,NA,MASS BL,NA,1974LAPAZ00080,UNCLASSIFIED,30 JUN 2005,"MILITARY SALES, NAVAL SHIPS, DIPLOMATIC COMMUNICATIONS, MILITARY CREDIT, MILITARY ASSISTANCE AGREEMENTS"
filename_1738526784271.pdf,04 JAN 1974,AMEMBASSY LA PAZ,USDOC WASHDC,NA,BEXP EIND BL,NA,1974LAPAZ00060,UNCLASSIFIED,30 JUN 2005,n/a
filename_1738526785214.pdf,09 JAN 1974,AMEMBASSY LA PAZ,SECSTATE WASHDC IMMEDIATE 1882,NA,EAID EEC BL,US MISSION EC BRUSSELS 0086,1974LAPAZ00146,UNCLASSIFIED,30 JUN 2005,"WHEAT, FOOD SHORTAGE, FOOD ASSISTANCE, IMPORT QUOTAS, FLOUR, CONTRABAND, PL 480 TITLE 1"
filename_1738526785247.pdf,09 JAN 1974,AMEMBASSY LA PAZ,USDOC WASHDC PRIORITY,SPECIAL TRADE OPPORTUNITY: PETROLEUM REFINERIES - FOLLOW-UP,"BEXP, ETRD, ENRG, EFIN, BL, JA","A-62 APRIL 6, 1973 AND LA PAZ 0039 (NOTAL)",1974LAPAZ00172,UNCLASSIFIED,30 JUN 2005,"PETROLEUM, CONSTRUCTION, REFINERIES, PROPOSALS (BID), LOANS, NEGOTIATIONS, EXPORT DATA"
filename_1738526785306.pdf,09 JAN 1974,AMEMBASSY LA PAZ,USIA WASHDC,NA,"OEXC, SNAR, EC",NA,1974LAPAZ00162,UNCLASSIFIED,30 JUN 2005,"PERSONNEL TRAINING, DRUG CONTROL, MEETINGS"
filename_1738526785670.pdf,09 JAN 1974,AMEMBASSY LA PAZ,SECSTATE WASHDC IMMEDIATE 1888,NA,PINT BL,LA PAZ 110,1974LAPAZ00158,UNCLASSIFIED,30 JUN 2005,"EXILES, ANARCHY, SOCIAL CHANGE, CIVIL DISORDERS, EXTORTION, COMMUNIQUES, PARTY MEETINGS, PARTY LEADERS,"
filename_1738526786757.pdf,09 JAN 1974,AMEMBASSY LA PAZ,SECSTATE WASHDC IMMEDIATE 1073,NA,EAID BL,LA PAZ 15,1974LAPAZ00173,UNCLASSIFIED,30 JUN 2005,"FOOD SHORTAGE, WHEAT, AGRICULTURAL AGREEMENTS, PL 480 TITLE 1, NEGOTIATIONS"
filename_1738526786935.pdf,09 JAN 1974,AMEMBASSY LA PAZ,SECSTATE WASHDC NIACT IMMEDIATE 1887,NA,"EAID,",(A) LA PAZ 2698; (B) STATE 195756,1974LAPAZ00156,UNCLASSIFIED,30 JUN 2005,"WHEAT, PL 480 TITLE 1, FLOUR, TRADE AGREEMENTS, PROPOSALS (BID)"
filename_1738526786979.pdf,10 JAN 1974,AMEMBASSY LA PAZ,SECSTATE WASHDC 1897,NA,OREP PFOR PINS EAID BL,NA,1974LAPAZ00179,UNCLASSIFIED,30 JUN 2005,"WHEAT, CODELS, MEETINGS, MEETING REPORTS, FOREIGN POLICY POSITION, FOREIGN MINISTERS MEETINGS, FOREIGN"
filename_1738526787920.pdf,10 JAN 1974,AMEMBASSY LA PAZ,SECSTATE WASHDC 1910,NA,"OREP, PFOR, PINS, EAID, BL","LA PAZ 0179 SUMMARY: DURING COURTESY CALL BY CONGRESSMAN CHARLES WHALEN, JR., (R-OHIO) JANUARY 10, PRESIDENT BANZER EXPLAINED EXPULSION OF VICTOR PAZ AND DISUCSSED BOLIVIA'S ECONOMIC PROSPECTS, NARCOTICS AND U.S. ASSISTANCE PROGRAM. END SUMMARY.",1974LAPAZ00206,UNCLASSIFIED,30 JUN 2005,n/a
filename_1738526788026.pdf,11 JAN 1974,AMEMBASSY LA PAZ,SECSTATE WASHDC IMMEDIATE 1928,PL-480 TITLE I PROGRAM REFERENCE: STATE 5916,"EAID, BL",NA,1974LAPAZ00244,UNCLASSIFIED,30 JUN 2005,"WHEAT, PL 480 TITLE 1, FLOUR, FOREIGN ASSISTANCE PROGRAMS"
filename_1738526788108.pdf,11 JAN 1974,AMEMBASSY LA PAZ,SECSTATE WASHDC 1918,NA,EMIN EIND BL,"STATE 848 SUMMARY: DUE DELAY, WE TRANSMITTING BELOW FREE TRANSLATION LETTER DATED DECEMBER 14, 1973 FROM FRANK TYE TO MINMINES LEMA. EMBASSY RECEIVED COPY DECEMBER 27, BUT DELAYED TRANSMITTAL WITH COMMENT IN ABSENCE MINATTACHE. END SUMMARY.",1974LAPAZ00225,UNCLASSIFIED,30 JUN 2005,"NATIONALIZATION, MINING INDUSTRY, INDEMNIFICATION"
filename_1738526788819.pdf,12 JAN 1974,AMEMBASSY LA PAZ,SECSTATE WASHDC IMMEDIATE 1929,NA,EAID BL,STATE 5919,1974LAPAZ00246,UNCLASSIFIED,30 JUN 2005,"WHEAT, SUPPLIES, EXPORTS, CREDIT, PL 480 TITLE 1, FOREIGN ASSISTANCE"
filename_1738526789578.pdf,14 JAN 1974,AMEMBASSY LA PAZ,SECSTATE WASHDC 1931,NA,"EMIN, BEXP, BL BR","A-269 OF OCTOBER 14, 1973: STATE 00498#",1974LAPAZ00258,UNCLASSIFIED,30 JUN 2005,n/a
filename_1738526789788.pdf,16 JAN 1974,AMEMBASSY LA PAZ,SECSTATE WASHDC 1951,NA,"BEXP, AFSP, BL",NA,1974LAPAZ00304,UNCLASSIFIED,30 JUN 2005,n/a
filename_1738526790385.pdf,16 JAN 1974,AMEMBASSY LA PAZ,SECSTATE WASHDC PRIORITY 1956,NA,"EAGR, ETRD, BL",NA,1974LAPAZ00321,UNCLASSIFIED,30 JUN 2005,"WHEAT, SUPPLIES, PL 480 TITLE 1, AGRICULTURAL PRODUCT SALES, AGRICULTURAL PRICES, AGRICULTURAL AGREEMENTS"
filename_1738526791079.pdf,16 JAN 1974,AMEMBASSY LA PAZ,SECSTATE WASHDC 1947,NA,OREP EIND ENRG BL,NA,1974LAPAZ00293,UNCLASSIFIED,30 JUN 2005,"PETROLEUM, MINISTERIAL MEETINGS, EMBARGOES, PRICE TRENDS, HYDROELECTRIC POWER PLANTS"
filename_1738526791829.pdf,21 JAN 1974,AMEMBASSY LA PAZ,SECSTATE WASHDC 2005,NA,ECON BL,NA,1974LAPAZ00430,UNCLASSIFIED,30 JUN 2005,"FOOD SHORTAGE, WHEAT, INFLATION, IMPORTS, ECONOMIC PROGRAMS, SUBSIDIES, PRICE TRENDS, RETAIL PRICES, WAGE"
filename_1738526791999.pdf,16 JAN 1974,AMEMBASSY LA PAZ,SECSTATE WASHDC 1946,NA,"EAID, BL","LA PAZ 0246, AND LA PAZ 244 SUMMARY: BOLIVIA CURRENTLY EXPERIENCING SERIOUS FLOUR SHORTAGE WITH SERIOUS POLITICAL IMPLICATIONS FOR GOVERNMENT. ALTHOUGH PRECISE REASONS FOR CURRENT PROBLEM DIFFICULT TO UNTANGLE, BASIC CAUSE APPEARS TO BE FAILURE OF ARGENTINA TO FULFILL COMMITMENTS FOR FLOUR DELIVERIES. THIS HAS BEEN COUPLED IN RECENT WEEKS WITH GREATER THAN USUAL TRANSPORTATION DIFFICULTIES FROM PORTS, ESPECIALLY PERUVIAN RAIL STRIKE WHICH SLOWED MOVEMENT OF PL-480 WHEAT FROM MATARANI. SITUATION MAY IMPROVE THIS WEEK AS RAILROADS NOW MOVING WHEAT AT NORMAL PACE AND SMALL QUANTITY OF FOUR DUE TO ARRIVE FROM ARGENTINA, BUT SHORTAGES LIKELY TO REAPPEAR SINCE STOCKS WILL CONTINUE LOW AND SCARCITIES HAVE INDUCED SPECULATION AND CREATION BLACK MARKET. END SUMMARY.",1974LAPAZ00292,UNCLASSIFIED,30 JUN 2005,"FOOD SHORTAGE, AGREEMENTS, PUBLIC DEMONSTRATIONS, FLOUR, FOREIGN COMMITMENTS, BLACK MARKETS,"
filename_1738526792249.pdf,22 JAN 1974,AMEMBASSY LA PAZ,SECSTATE WASHDC 2017,NA,"CASC (PEGUES, MICKEY)",NA,1974LAPAZ00457,UNCLASSIFIED,30 JUN 2005,n/a
filename_1738526793247.pdf,24 JAN 1974,AMEMBASSY LA PAZ,SECSTATE WASHDC 2042,NA,EAID ECON PFOR BL,NA,1974LAPAZ00526,UNCLASSIFIED,30 JUN 2005,"WHEAT, PROCUREMENT, FOOD SHORTAGE, PUBLIC DEMONSTRATIONS, ECONOMIC ASSISTANCE, PL 480 TITLE 1,"
filename_1738526793783.pdf,24 JAN 1974,AMEMBASSY LA PAZ,SECSTATE WASHDC PRIORITY 2039,NA,"ENRG, ECRP, BL","STATE 251108: A-62 OF APRIL 6, 1973",1974LAPAZ00521,UNCLASSIFIED,30 JUN 2005,"PETROLEUM PRODUCTS, TRADE DATA, EXPORT DATA, IMPORT DATA"
filename_1738526793804.pdf,22 JAN 1974,AMEMBASSY LA PAZ,SECSTATE WASHDC 2015,NA,"CASC (PEGUES, MICKEY)",NA,1974LAPAZ00459,UNCLASSIFIED,30 JUN 2005,n/a
filename_1738526794036.pdf,24 JAN 1974,AMEMBASSY LA PAZ,SECSTATE WASHDC PRIORITY 2026,NA,"ECON, BL",LA PAZ 0430 SUMMARY: GOB SEEKING TO PROMOTE ACCEPTANCE OF ECONOMIC MEASURES DECREED EVENING JANUARY 20. MINISTERS OF FINANCE AND IND/COM HELD JOINT RADIO/TV INTERVIEW JANUARY 21 AND FINANCE MINISTER AND MINISTER SECRETARY AND MINISTER OF TRANSPORTATION GAVE OTHER RADIO/TV INTERVIEWS JANUARY 22 ATTEMPTING TO ASSURE POPULACE THAT STEPS TAKEN NECESSARY TO ELIMINATE SHORTAGES AND THAT THEY ARE SUFFICIENT AND FURTHER PRICE INCREASES SHOULD NOT BE ANTICIPATED. SUB-SECRETARY OF COMMERCE TOLD EMBOFF THAT HE ESTIMATES FOOD SUPPLIES MUST BE REGULARIZED IN NEXT TEN DAYS OR PUBLIC CONFIDENCE WILL BE LOST AND MEASRES WILL PROVE INEFFECTIVE. END SUMMARY.,1974LAPAZ00493,UNCLASSIFIED,30 JUN 2005,"CONTRABAND, DEVALUATIONS, ECONOMIC PROGRAMS, EXPORTS, FOOD SHORTAGE, IMPORTS, PRESS COMMENTS, PRESS"
filename_1738526795005.pdf,25 JAN 1974,AMEMBASSY LA PAZ,SECSTATE WASHDC PRIORITY 2055,NA,"EMIN, BDIS, BL.","LA PAZ 0359, STATE 14198.",1974LAPAZ00548,UNCLASSIFIED,30 JUN 2005,"TIN, LAND, MEETINGS, MINING INDUSTRY, JOINT VENTURES, NEGOTIATIONS, TAXES"
filename_1738526795019.pdf,25 JAN 1974,AMEMBASSY LA PAZ,SECSTATE WASHDC PRIORITY 2046,NA,"BDIS, EIND, BBAK, BL","A) STATE 14854; B) LA PAZ 470; C) STATE 13866; D) BINNS' MEMO OF JAN. 3, 1974",1974LAPAZ00538,UNCLASSIFIED,30 JUN 2005,"FINANCIAL TRANSACTIONS, LOANS"
filename_1738526795093.pdf,24 JAN 1974,AMEMBASSY LA PAZ,AMEMBASSY LIMA,NA,"EAGR, ETRD, BL",NA,1974LAPAZ00497,UNCLASSIFIED,30 JUN 2005,"WHEAT, SALES"
filename_1738526795261.pdf,25 JAN 1974,AMEMBASSY LA PAZ,SECSTATE WASHDC IMMEDIATE 2053,NA,"EAID, EEC, BL",EC BRUSSELS 0459,1974LAPAZ00547,UNCLASSIFIED,30 JUN 2005,"WHEAT, IMPORT DATA, FOOD ASSISTANCE"
filename_1738526795964.pdf,29 JAN 1974,AMEMBASSY LA PAZ,SECSTATE WASHDC IMMEDIATE 2091,NA,"PINS, BL",USDAO LA PAZ MSG 242015Z,1974LAPAZ00612,UNCLASSIFIED,30 JUN 2005,"ARMED FORCES, PRESIDENT, ECONOMIC CONDITIONS, PRESS COMMENTS, GOVERNMENT OVERTHROW, PRICE TRENDS,"
filename_1738526796029.pdf,29 JAN 1974,AMEMBASSY LA PAZ,SECSTATE WASHDC 2085,NA,"CVIS, BL","STATE 117711 TITLE: CONSOLIDATED CONSULAR WORKLOAD AND MANPOWER REQUIREMENTS ESTIMATES FY 1973, 1974 AND 1975 POST: AMERICAN EMBASSY, LA PAZ, BOLIVIA JAN 28, 1974 FY 73 FY 74 *6 75 (ACTUAL (PROJ. (PROJ. WKLD) WKLD) WKLD) PART I - IMMIGRANT VISAS",1974LAPAZ00601,UNCLASSIFIED,30 JUN 2005,n/a
filename_1738526796710.pdf,29 JAN 1974,AMEMBASSY LA PAZ,SECSTATE WASHDC 2088,NA,"BEXP, BL",NA,1974LAPAZ00604,UNCLASSIFIED,30 JUN 2005,n/a
filename_1738526796798.pdf,29 JAN 1974,AMEMBASSY LA PAZ,SECSTATE WASHDC 2081,STATE OF SIEGE DECREE,"PINT, PGOV, BL",NA,1974LAPAZ00600,UNCLASSIFIED,30 JUN 2005,"MARTIAL LAW, GOVERNMENT OVERTHROW, PUBLIC DEMONSTRATIONS, SECURITY CONTROLS, PROVINCIAL GOVERNMENT,"
filename_1738526797122.pdf,29 JAN 1974,AMEMBASSY LA PAZ,SECSTATE WASHDC PRIORITY 2079,NA,"BDIS, EMIN, BL",NA,1974LAPAZ00590,UNCLASSIFIED,30 JUN 2005,"NATIONALIZATION, ARBITRATION, MINING INDUSTRY, INDEMNIFICATION, INDUSTRIAL PLANTS, METAL PRODUCTS"
filename_1738526797312.pdf,30 JAN 1974,AMEMBASSY LA PAZ,SECSTATE WSHDC 2099,PRESIDENT BANZER'S SPEECH ANNOUNCING STATE OF SIEGE,"PINT, PGON, BL",NA,1974LAPAZ00627,UNCLASSIFIED,30 JUN 2005,"PRESIDENT, MARTIAL LAW, GOVERNMENT OVERTHROW, FOOD SHORTAGE, SPEECHES, ECONOMIC CONTROLS, CIVIL"
filename_1738526797805.pdf,31 JAN 1974,AMEMBASSY LA PAZ,SECSTATE WASHDC IMMEDIATE 2122,NA,PFOR MASS BL,LA PAZ 638 BINNS/AMBASSADOR TELECON JAN 31,1974LAPAZ00673,UNCLASSIFIED,30 JUN 2005,"MILITARY EQUIPMENT, MILITARY ASSISTANCE, ARMS, AMMUNITION, GOVERNMENT PROCUREMENT, MILITARY AIRLIFTS,"
filename_1738526798001.pdf,31 JAN 1974,AMEMBASSY LA PAZ,SECSTATE WASHDC IMMEDIATE 2125,NA,n/a,NA,1974LAPAZ00676,UNCLASSIFIED,30 JUN 2005,n/a
filename_1738526798283.pdf,31 JAN 1974,AMEMBASSY LA PAZ,SECSTATE WASHDC PRIORITY 2123,NA,PINT: PGOV: BL,NA,1974LAPAZ00674,UNCLASSIFIED,30 JUN 2005,"MARTIAL LAW, GOVERNMENT OVERTHROW, SECURITY CONTROLS, CURFEW, TRAVEL CONTROLS, CIVIL DISORDERS,"
filename_1738526798463.pdf,01 FEB 1974,AMEMBASSY LA PAZ,SECSTATE WASHDC 2134,NA,"BDIS, EIND, BBAK, BL.",LA PAZ 0577 AND PREVIOUS.,1974LAPAZ00689,UNCLASSIFIED,30 JUN 2005,n/a
filename_1738526799185.pdf,01 FEB 1974,AMEMBASSY LA PAZ,SECSTATE WASHDC 2136,NA,"SNAR, BL",NA,1974LAPAZ00692,UNCLASSIFIED,30 JUN 2005,"DRUG CONTROL, NARCOTICS, PERSONNEL APPOINTMENTS, PERSONNEL ASSIGNMENTS"
filename_1738526799435.pdf,02 FEB 1974,AMEMBASSY LA PAZ,SECSTATE WASHDC 716 NIACT IMMEDIATE,"EXPEDITED MUNITION REQUIREMENTS, GOVERNMENT OF BOLIVIA.","PFOR, MASS, BL",NA,1974LAPAZ00716,UNCLASSIFIED,30 JUN 2005,"ARMS, AMMUNITION, GOVERNMENT PROCUREMENT, MILITARY AIRLIFTS"
filename_1738526799697.pdf,02 FEB 1974,AMEMBASSY LA PAZ,SECSTATE WASHDC NIACT IMMEDIATE 2143,"EXPEDITED MUNITION REQUIREMENTS, GOVERNMENT OF BOLIVIA.","MASS, PFOR, BW",NA,1974LAPAZ00729,UNCLASSIFIED,30 JUN 2005,"AMMUNITION, GOVERNMENT PROCUREMENT, MILITARY AIRLIFTS"
filename_1738526800228.pdf,04 FEB 1974,AMEMBASSY LA PAZ,SECSTATE WASHDC 2154,NA,"BEXP, ETRD, EMIN, BL",NA,1974LAPAZ00742,UNCLASSIFIED,30 JUN 2005,"ZINC, CONSTRUCTION, MINING INDUSTRY"
filename_1738526800336.pdf,06 FEB 1974,AMEMBASSY LA PAZ,SECSTATE WASHDC 2172,REQUEST FOR USIA PREPARATION COMPREHENSIVE NEWS STORY ON PL 480 DEVELOPMENTS.,SUBJECT: REQUEST FOR USIA PREPARATION COMPREHENSIVE NEWS,NA,1974LAPAZ00783,UNCLASSIFIED,30 JUN 2005,"PL 480, AGREEMENTS, ECONOMIC ASSISTANCE, PRESS COMMENTS, DEVELOPMENT PROGRAMS, FOODS, FOREIGN POLICY"
filename_1738526800488.pdf,07 FEB 1974,AMEMBASSY LA PAZ,AMEMBASSY LIMA,NA,"EAGR, BL",LIMA 978,1974LAPAZ00841,UNCLASSIFIED,30 JUN 2005,"TOURISM, AIR TRANSPORTATION, VISITS"
filename_1738526800821.pdf,08 FEB 1974,AMEMBASSY LA PAZ,SECSTATE WASHDC 2219,NA,"ETEL, EFIN, BL",NA,1974LAPAZ00879,UNCLASSIFIED,30 JUN 2005,"POSTAL SERVICE, DEBTS"
filename_1738526801243.pdf,08 FEB 1974,AMEMBASSY LA PAZ,USCINCSO IMMEDIATE NIACT,NA,"EAID, BL",STATE 026462 TO LA PAZ REPEATED TO USCINCSO,1974LAPAZ00874,UNCLASSIFIED,30 JUN 2005,"AIR TRANSPORTATION, DISASTER RELIEF, SUPPLIES, FLOOD CONTROL, RELIEF (ASSISTANCE)"
filename_1738526801708.pdf,08 FEB 1974,AMEMBASSY LA PAZ,SECSTATE WASHDC 2218,FOREIGN MINISTERS' MEETING MEXICO,PFOR OCON XM MX BL,NA,1974LAPAZ00878,UNCLASSIFIED,30 JUN 2005,"PRESS COMMENTS, MEETING AGENDA, FOREIGN RELATIONS, LESS DEVELOPED COUNTRIES, FOREIGN MINISTERS"
filename_1738526802199.pdf,11 FEB 1974,AMEMBASSY LA PAZ,USINFO WASHDC,NA,"PFOR, BL, XR, XS, XL, PRESENCIA",NA,1974LAPAZ00907,UNCLASSIFIED,30 JUN 2005,"FOREIGN RELATIONS, PRESS COMMENTS, PANAMA CANAL TREATY, NEGOTIATIONS, MAGAZINES"
filename_1738526806320.pdf,11 FEB 1974,AMEMBASSY LA PAZ,SECSTATE WASHDC 2233,NA,MASS BL,STATE 023517,1974LAPAZ00900,UNCLASSIFIED,30 JUN 2005,"MILITARY ASSISTANCE, MILITARY ASSISTANCE PROGRAMS"
filename_1738526806402.pdf,13 FEB 1974,AMEMBASSY LA PAZ,SECSTATE WASHDC PRIORITY 2261,NARCOTICS CONTROL BUDGET - BOLIVIA,"SNAR, BL",STATE 008753,1974LAPAZ00963,UNCLASSIFIED,30 JUN 2005,"DRUG CONTROL, BUDGETS, PERSONNEL TRAINING, FUND ALLOTMENT, DRUG TRAFFIC, POLICE FORCES"
filename_1738526806897.pdf,13 FEB 1974,AMEMBASSY LA PAZ,SECSTATE WASHDC PRIORITY 2264,NA,PFOR XM BL,NA,1974LAPAZ00966,UNCLASSIFIED,30 JUN 2005,"MEETING AGENDA, ECONOMIC ASSISTANCE, LESS DEVELOPED COUNTRIES, FOREIGN MINISTERS MEETINGS, DIPLOMATIC"
filename_1738526807836.pdf,13 FEB 1974,AMEMBASSY LA PAZ,SECSTATE WASHDC PRIORITY 2268,NA,CASC (KISH PITA),NA,1974LAPAZ00971,UNCLASSIFIED,30 JUN 2005,n/a
filename_1738526808857.pdf,14 FEB 1974,AMEMBASSY LA PAZ,DEA HQS WASHDC,DEA SIX-WEEK INTERNATIONAL DRUG ENFORCEMENT OFFICIERS SCHOOL NO. 5,"SNAR, BL",DEA 468,1974LAPAZ00992,UNCLASSIFIED,30 JUN 2005,"PERSONNEL TRAINING, DRUG CONTROL"
filename_1738526808959.pdf,20 FEB 1974,AMEMBASSY LA PAZ,SECSTATE WASHDC 2318,REQUEST FOR FAA INSPECTOR,"ETRN, BL",LIMA 0921,1974LAPAZ01086,UNCLASSIFIED,30 JUN 2005,"CIVIL AVIATION, PROCUREMENT, AIRLINES, JET AIRCRAFT, AVIATION REGULATIONS"
filename_1738526809111.pdf,14 FEB 1974,AMEMBASSY LA PAZ,SECSTATE WASHDC PRIORITY 2288,NA,EFIN BL,BINNS-BREWIN LETTER OF FEBRUARY 5,1974LAPAZ01007,UNCLASSIFIED,30 JUN 2005,"DOCUMENTS, FOREIGN INVESTMENTS"
filename_1738526809140.pdf,14 FEB 1974,AMEMBASSY LA PAZ,SECSTATE WASHDC PRIORITY 2274,NA,PFOR XM BL,LA PAZ 966,1974LAPAZ00985,UNCLASSIFIED,30 JUN 2005,"LESS DEVELOPED COUNTRIES, LANDLOCKED COUNTRIES, FOREIGN MINISTERS MEETINGS, FOREIGN POLICY POSITION,"
filename_1738526810141.pdf,21 FEB 1974,AMEMBASSY LA PAZ,SECSTATE WASHDC IMMEDIATE 2329,NA,PARM ICRC VN,NA,1974LAPAZ01114,UNCLASSIFIED,30 JUN 2005,"LAW, WAR, GENEVA CONVENTIONS, FOREIGN POLICY POSITION, MEETINGS, MEETING DELEGATIONS"
filename_1738526810469.pdf,23 FEB 1974,AMEMBASSY LA PAZ,SECSTATE WASHDC 2356,NA,"BPRO, BL",STATE 33637,1974LAPAZ01184,UNCLASSIFIED,30 JUN 2005,n/a
filename_1738526810876.pdf,28 FEB 1974,AMEMBASSY LA PAZ,SECSTATE WASHDC 2365,NA,"BL, PFOR",NA,1974LAPAZ01221,UNCLASSIFIED,30 JUN 2005,"PRESS COMMENTS, FOREIGN RELATIONS, FOREIGN MINISTERS MEETINGS, PUBLIC ATTITUDES, FOREIGN POLICY POSITION"
filename_1738526811747.pdf,01 MAR 1974,AMEMBASSY LA PAZ,SECSTATE WASHDC 2384,LETTER FROM SECRETARY KISSINGER TO BOLIVIAN FOREIGN MINISTER,PFOR BL,STATE 038863,1974LAPAZ01251,UNCLASSIFIED,30 JUN 2005,PFOR BL
filename_1738526812674.pdf,01 MAR 1974,AMEMBASSY LA PAZ,SECSTATE WASHDC 2387,TRAVEL OF PRESIDENT BANZER,"OVIP, BL",NA,1974LAPAZ01259,UNCLASSIFIED,30 JUN 2005,n/a
filename_1738526813266.pdf,04 MAR 1974,AMEMBASSY LA PAZ,SECSTATE WASHDC 2423,NA,PFOR EAID BL,NA,1974LAPAZ01325,UNCLASSIFIED,30 JUN 2005,"DISASTER RELIEF, DEVELOPMENT FINANCE, FOREIGN ASSISTANCE PROGRAMS"
filename_1738526815274.pdf,01 MAR 1974,AMEMBASSY LA PAZ,SECSTATE WASHDC 2399,NA,MASS BL,(A) STATE 026354; (B) LA PAZ 0608; DEPARTMENT PASS DOD/ISA,1974LAPAZ01291,UNCLASSIFIED,30 JUN 2005,"PROCUREMENT, MILITARY EQUIPMENT, MILITARY ASSISTANCE"
filename_1738526818466.pdf,05 MAR 1974,AMEMBASSY LA PAZ,SECSTATE WASHDC 2426,NA,"EGEN, IA-ECOSOC, BL",STATE 039787,1974LAPAZ01329,UNCLASSIFIED,30 JUN 2005,"MEETING AGENDA, MEETINGS, MEETING DELEGATIONS"
filename_1738526818477.pdf,04 MAR 1974,AMEMBASSY LA PAZ,SECSTATE WASHDC PRIORITY 2410,NA,"EAGR, BL",NA,1974LAPAZ01316,UNCLASSIFIED,30 JUN 2005,"SUGAR, AGRICULTURAL PRODUCTION, AGRICULTURAL LAW, COMMITTEE MEETINGS"
filename_1738526821658.pdf,07 MAR 1974,AMEMBASSY LA PAZ,SECSTATE WASHDC IMMEDIATE 2468,NA,"MILI, BL, (RECTANUS, EARL F)",NA,1974LAPAZ01416,UNCLASSIFIED,30 JUN 2005,"MILITARY PERSONNEL, MILITARY VISITS"
filename_1738526821682.pdf,07 MAR 1974,AMEMBASSY LA PAZ,SECSTATE WASHDC 2459,NA,"EGEN, IA-ECOSOC, BL",(A) STATE 039787; (B) LA PAZ 1329,1974LAPAZ01394,UNCLASSIFIED,30 JUN 2005,"MEETING AGENDA, COMMITTEE MEETINGS, NEGOTIATIONS, MEETING DELEGATIONS, MEETINGS"
filename_1738526821899.pdf,06 MAR 1974,AMEMBASSY LA PAZ,USDOC WASHDC,NA,"BTRA, BL",NA,1974LAPAZ01353,UNCLASSIFIED,30 JUN 2005,n/a
filename_1738526822092.pdf,05 MAR 1974,AMEMBASSY LA PAZ,SECSTATE WASHDC 2433,NA,"EAGR, BL",LA PAZ 1316,1974LAPAZ01345,UNCLASSIFIED,30 JUN 2005,"SUGAR, EXPORTS, AGRICULTURAL LAW, IMPORT QUOTAS"
filename_1738526825528.pdf,08 MAR 1974,AMEMBASSY LA PAZ,SECSTATE WASHDC 2478,NA,EOXC,NA,1974LAPAZ01433,UNCLASSIFIED,30 JUN 2005,n/a
filename_1738526825666.pdf,08 MAR 1974,AMEMBASSY LA PAZ,SECSTATE WASHDC 2489,NA,"ETRD, EAGR, BL",NA,1974LAPAZ01454,UNCLASSIFIED,30 JUN 2005,"SUGAR, AGRICULTURAL PRODUCTION, AGRICULTURAL DEVELOPMENT"
filename_1738526825717.pdf,08 MAR 1974,AMEMBASSY LA PAZ,SECSTATE WASHDC 2479,NA,"SNAR, BL","STATE 028448 DATED FEBRUARY 13, AND PREVIOUS.",1974LAPAZ01434,UNCLASSIFIED,30 JUN 2005,"NARCOTICS, DRUG TRAFFIC, EXTRADITION, ARRESTS"
filename_1738526826820.pdf,08 MAR 1974,AMEMBASSY LA PAZ,US DEPT OF AGRICULTURE WASHDC PRIORITY,NA,"BEXP, EAGR, BL",NA,1974LAPAZ01425,UNCLASSIFIED,30 JUN 2005,"WHEAT, AGRICULTURAL COMMODITIES, TRADE OPPORTUNITY REPORTS, FLOUR"
filename_1738526827274.pdf,08 MAR 1974,AMEMBASSY LA PAZ,SECSTATE WASHDC 2456,NA,"EFIN, EMIN, BL",NA,1974LAPAZ01390,UNCLASSIFIED,30 JUN 2005,"PETROLEUM, NATIONAL INCOME, EXPORT PRICES"
filename_1738526827628.pdf,08 MAR 1974,AMEMBASSY LA PAZ,SECSTATE WASHDC 2454,NA,"EFIN, BL",NA,1974LAPAZ01388,UNCLASSIFIED,30 JUN 2005,"ECONOMIC CONDITIONS, ECONOMIC GROWTH, GDP, GOVERNMENT BUDGET, WAGES, VISITS, ECONOMIC ESTIMATES,"
filename_1738526827787.pdf,11 MAR 1974,AMEMBASSY LA PAZ,SECSTATE WASHDC PRIORITY 2503,NA,EAID SNAR BL,STATE 048030,1974LAPAZ01485,UNCLASSIFIED,30 JUN 2005,"DISASTER RELIEF, AGREEMENT DRAFT, PETROLEUM, LOAN AGREEMENTS, FLOODS, PRICES"
filename_1738526828285.pdf,12 MAR 1974,AMEMBASSY LA PAZ,SECSTATE WASHDC 2510,APPLEGATE - YOUNGQUIST LAND EXPROPRIATION CASE REFERENCE: 1) STATE 047381: A) STATE 46969,"ETRD, EAGR",NA,1974LAPAZ01520,UNCLASSIFIED,30 JUN 2005,"LAW, LAND NATIONALIZATION, TAXES, ATTORNEYS, PROPERTY TITLES, FOREIGN POLICY POSITION, LAND REFORMS"
filename_1738526828483.pdf,12 MAR 1974,AMEMBASSY LA PAZ,SECSTATE WASHDC 2509,YPFB--RESCHEDULING OF GULF SETTLEMENT AND IMPLICATIONS FOR BUDGET AND BALANCE OF PAYMENTS,BDIS EFIN BL,STATE 034718; LA PAZ 1277,1974LAPAZ01515,UNCLASSIFIED,30 JUN 2005,"PETROLEUM, SALES, BALANCE OF PAYMENTS, BUDGET DEFICITS, PRICE TRENDS, FOREIGN POLICY POSITION,"
filename_1738526828945.pdf,12 MAR 1974,AMEMBASSY LA PAZ,SECSTATE WASHDC 2504,NA,"PINT, BGEN, BL",NA,1974LAPAZ01488,UNCLASSIFIED,30 JUN 2005,"PRESIDENT, FARM EQUIPMENT, PUBLIC RELATIONS, SPEECHES, AGRICULTURAL WORKERS, LAND REFORMS"
filename_1738526829574.pdf,13 MAR 1974,AMEMBASSY LA PAZ,SECSTATE WASHDC 2515,NA,"BEXP, EAGR, BL",NA,1974LAPAZ01537,UNCLASSIFIED,30 JUN 2005,"AGRICULTURAL PRODUCTION, FOOD SHORTAGE, FOODS, AGRICULTURAL IMPORTS"
filename_1738526829729.pdf,14 MAR 1974,AMEMBASSY LA PAZ,SECSTATE WASHDC 2525,NA,"EAGR, BL",LA PAZ 1425 TO DEPT OF AGRICULTURE,1974LAPAZ01554,UNCLASSIFIED,30 JUN 2005,"PROCUREMENT, AGRICULTURAL COMMODITIES, TRADE OPPORTUNITY REPORTS"
filename_1738526829880.pdf,14 MAR 1974,AMEMBASSY LA PAZ,SECSTATE WASHDC 2527,NA,"ETRD, BL",NA,1974LAPAZ01556,UNCLASSIFIED,30 JUN 2005,"CACAO, INTERNATIONAL ORGANIZATIONS, MEMBERSHIP APPLICATIONS"
filename_1738526830325.pdf,14 MAR 1974,AMEMBASSY LA PAZ,SECSTATE WASHDC 2541,NA,"BEXP, EAGR, BL",NA,1974LAPAZ01571,UNCLASSIFIED,30 JUN 2005,"AGRICULTURAL EXPORTS, TRADE OPPORTUNITY REPORTS"
filename_1738526830803.pdf,14 MAR 1974,AMEMBASSY LA PAZ,SECSTATE WASHDC IMMEDIATE 2538,NA,OVIP,LA PAZ 1550,1974LAPAZ01581,UNCLASSIFIED,30 JUN 2005,n/a
filename_1738526830888.pdf,15 MAR 1974,AMEMBASSY LA PAZ,SECSTATE WASHDC 2552,BOLIVIAN PREPARATIONS FOR THIRD UN LAW OF THE SEA CONFERENCE,"PBOR, UN, BL, PINR",STATE 36434,1974LAPAZ01617,UNCLASSIFIED,30 JUN 2005,"LAW OF THE SEA, MEETING AGENDA, NEGOTIATIONS, MEETINGS"
filename_1738526831026.pdf,18 MAR 1974,AMEMBASSY LA PAZ,SECSTATE WASHDC 2564,NA,"EIND, BDIS, EFIN, BL",NA,1974LAPAZ01649,UNCLASSIFIED,30 JUN 2005,"INDUSTRY, MONEY, NEGOTIATIONS, COURTS, FINANCIAL AGREEMENTS"
filename_1738526831130.pdf,18 MAR 1974,AMEMBASSY LA PAZ,SECSTATE WASHDC 2561,"NEW COMMANDER, U.S. MILITARY GROUP, BOLIVIA",MILI BL,STATE 51854,1974LAPAZ01644,UNCLASSIFIED,30 JUN 2005,"MILITARY PERSONNEL, BIOGRAPHIC INFORMATION, PERSONNEL APPOINTMENTS"
filename_1738526831775.pdf,19 MAR 1974,AMEMBASSY LA PAZ,SECSTATE WASHDC 2569,NA,"ETRD, EAGR, BL",NA,1974LAPAZ01658,UNCLASSIFIED,30 JUN 2005,"LAND NATIONALIZATION, ATTORNEYS, PROPERTY TITLES, LAND REFORMS"
filename_1738526831863.pdf,19 MAR 1974,AMEMBASSY LA PAZ,SECSTATE WASHDC PRIORITY 2572,NA,EAID BL,A. STATE 52986 B. LA PAZ 1485 C. STATE 48030,1974LAPAZ01673,UNCLASSIFIED,30 JUN 2005,"DISASTER RELIEF, ECONOMIC ASSISTANCE, FLOODS, ECONOMIC RECONSTRUCTION, DEVELOPMENT PROGRAMS,"
filename_1738526831954.pdf,21 MAR 1974,AMEMBASSY LA PAZ,SECSTATE WASHDC PRIORITY 2606,NA,"EFIN, BL",NA,1974LAPAZ01754,UNCLASSIFIED,30 JUN 2005,"CENTRAL BANK, BIOGRAPHIC INFORMATION, DEVELOPMENT BANKS, COMMITTEE MEETINGS, ANNUAL REPORTS, FLOODS,"
filename_1738526832197.pdf,22 MAR 1974,AMEMBASSY LA PAZ,USCINCSO,NA,"MASS, PINT, BL",NA,1974LAPAZ01760,UNCLASSIFIED,30 JUN 2005,"PROCUREMENT, MILITARY TRAINING, MILITARY SALES, NAVAL SHIPS, TRAINING SHIPS"
filename_1738526832673.pdf,22 MAR 1974,AMEMBASSY LA PAZ,SECSTATE WASHDC 2620,VISIT OF LOS TEAM TO LATIN AMERICA,"PBOR, BL",(A) STATE 53203; (B) LA PAZ 1617,1974LAPAZ01791,UNCLASSIFIED,30 JUN 2005,"LAW OF THE SEA, MEETINGS, MEETING DELEGATIONS, PERSONNEL TRAVEL, REORGANIZATIONS, MINISTERIAL VISITS"
filename_1738526832929.pdf,25 MAR 1974,AMEMBASSY LA PAZ,SECSTATE WASHDC 2639,"VISIT TO WASHINGTON--DR. MARCOS LEZAMA, VENEZUELAN WRITER",OTRA VE BL,NA,1974LAPAZ01828,UNCLASSIFIED,30 JUN 2005,n/a
filename_1738526832964.pdf,25 MAR 1974,AMEMBASSY LA PAZ,SECSTATE WASHDC 2630,NA,SNAR BL,STATE 055765,1974LAPAZ01807,UNCLASSIFIED,30 JUN 2005,"DRUG CONTROL, FOREIGN ASSISTANCE PROGRAMS, PERSONNEL ASSIGNMENTS"
filename_1738526833104.pdf,25 MAR 1974,AMEMBASSY LA PAZ,SECSTATE WASHDC 2640,BOLIVIAN VIEWS ON PROPOSED PANAMA CANAL TOLL INCREASE REFERENCE: STATE 58007,"PFOR, PN, BL",NA,1974LAPAZ01831,UNCLASSIFIED,30 JUN 2005,"INTERNATIONAL CANALS, TOLLS, FOREIGN POLICY POSITION"
filename_1738526833899.pdf,28 MAR 1974,AMEMBASSY LA PAZ,USINFO WASHDC,NA,"SCUL, XM, ANDES PACT",NA,1974LAPAZ01919,UNCLASSIFIED,30 JUN 2005,"COMMUNITY RELATIONS, ECONOMIC COOPERATION, SPEECHES, LANGUAGE SERVICES"
filename_1738526834159.pdf,29 MAR 1974,AMEMBASSY LA PAZ,SECSTATE WASHDC 2690,TRADE OPPORTUNITY: HOTEL DEVELOPMENT IN COCHABAMBA,"BEXP, ETRD, BL",NA,1974LAPAZ01970,UNCLASSIFIED,30 JUN 2005,"FOREIGN INVESTMENTS, HOTELS, INVESTMENT OPPORTUNITY REPORTS"
filename_1738526834405.pdf,29 MAR 1974,AMEMBASSY LA PAZ,SECSTATE WASHDC 2681,TRADE PROMOTION: U.S. EXPORTS TO BOLIVIA,"BEXP, BL",NA,1974LAPAZ01945,UNCLASSIFIED,30 JUN 2005,n/a
filename_1738526834460.pdf,29 MAR 1974,AMEMBASSY LA PAZ,SECSTATE WASHDC 2682,TECHNICAL ASSISTANCE REQUESTED FROM GOB,"EMIN, BL",WORLD BANK LOAN TO MINING SECTOR,1974LAPAZ01946,UNCLASSIFIED,30 JUN 2005,"TECHNICAL ASSISTANCE, MINING INDUSTRY, BANK LOANS, PROGRAMS (PROJECTS), CONSULTANTS"
filename_1738526834955.pdf,01 APR 1974,AMEMBASSY LA PAZ,SECSTATE WASHDC 2703,NA,"BDIS, ETRD, EAGR, BL, US, (MORAN, J ANTHONY), (APPLEGATE), (YOUNGQUIST)",NA,1974LAPAZ02004,UNCLASSIFIED,30 JUN 2005,"SUGAR, DISPUTE SETTLEMENT, TRADE COMPLAINTS, LAND NATIONALIZATION, COURTS"
filename_1738526835052.pdf,02 APR 1974,AMEMBASSY LA PAZ,SECSTATE WASHDC 2714,RECENT DEVELOPMENTS IN BOLIVIA'S QUEST FOR AN ACCESS TO THE SEA. PANAMA FOR USCINCSO,"PINT, PFOR, BL, CI, PE",NA,1974LAPAZ02024,UNCLASSIFIED,30 JUN 2005,"LANDLOCKED COUNTRIES, CHIEFS OF STATE MEETINGS, FOREIGN POLICY POSITION, ACCESS TO PORTS"
filename_1738526835233.pdf,02 APR 1974,AMEMBASSY LA PAZ,SECSTATE WASHDC 2719,NA,"PFOR, PN, BL","LA PAZ 1831, STATE 58007",1974LAPAZ02035,UNCLASSIFIED,30 JUN 2005,"INTERNATIONAL CANALS, TOLLS, FOREIGN POLICY POSITION"
filename_1738526835365.pdf,04 APR 1974,AMEMBASSY LA PAZ,SECSTATE WASHDC 2732,NA,"BEXP, AFSP",STATE 235324 OF 11/30/73 STATE 240150 OF 12/8/73 LA PAZ 7565 OF 12/17/73,1974LAPAZ02080,UNCLASSIFIED,30 JUN 2005,n/a
filename_1738526835897.pdf,04 APR 1974,AMEMBASSY LA PAZ,SECSTATE WASHDC IMMEDIATE 2734,NA,PFOR BL,NA,1974LAPAZ02085,UNCLASSIFIED,30 JUN 2005,"MEETINGS, WATERWAY ACCESS"
filename_1738526836192.pdf,04 APR 1974,AMEMBASSY LA PAZ,SECSTATE WASHDC 2729,NA,"PINT, PFOR, BL, CI, PE",LA PAZ 2024,1974LAPAZ02065,UNCLASSIFIED,30 JUN 2005,"FOREIGN POLICY POSITION, POLITICAL PARTIES, PUBLIC ATTITUDES, MEETINGS, WATERWAY ACCESS"
filename_1738526836275.pdf,05 APR 1974,AMEMBASSY LA PAZ,SECSTATE WASHDC 2753,NA,PFOR BL CU AR,NA,1974LAPAZ02117,UNCLASSIFIED,30 JUN 2005,"MEETING AGENDA, FOREIGN RELATIONS, DIPLOMATIC RELATIONS ESTABLISHMENT, FOREIGN MINISTERS MEETINGS,"
filename_1738526836560.pdf,05 APR 1974,AMEMBASSY LA PAZ,SECSTATE WASHDC 2164,NA,"EAID, UNDP, ECRP, BL",STATE 042239 SUMMARY: THIS MESSAGE IS MISSION'S RESPONSE TO QUESTIONS IN PARAGRAPH 5 OF REFTEL IN SAME LETTERED SEQUENCE. END SUMMARY.,1974LAPAZ02148,UNCLASSIFIED,30 JUN 2005,"TECHNICAL ASSISTANCE, CERP 0008, DEVELOPMENT PROGRAMS, US CONGRESSIONAL PRESENTATIONS, FOREIGN"
filename_1738526837421.pdf,05 APR 1974,AMEMBASSY LA PAZ,SECSTATE WASHDC PRIORITY 2755,NA,"CASC (GOULDING, HARRY)",NA,1974LAPAZ02119,UNCLASSIFIED,30 JUN 2005,n/a
filename_1738526837509.pdf,08 APR 1974,AMEMBASSY LA PAZ,SECSTATE WASHDC PRIORITY 2781,PRESIDENT BANZER ANNOUNCES NEW CONCEPT OF GOVERNMENT,"PINT, PFOR, BL",NA,1974LAPAZ02200,UNCLASSIFIED,30 JUN 2005,"PRESIDENT, CABINET, REORGANIZATIONS, POLITICAL SITUATION, POLITICAL PARTIES"
filename_1738526837678.pdf,08 APR 1974,AMEMBASSY LA PAZ,SECSTATE WASHDC 2774,NA,"EGEN, BL",STATE 065938,1974LAPAZ02176,UNCLASSIFIED,30 JUN 2005,"POPULATION, MEETING AGENDA, MEETINGS, MEETING DELEGATIONS"
filename_1738526838576.pdf,09 APR 1974,NA,NA,NA,"PBOR, PFOR, BL, OAS",NA,1974LAPAZ02230,UNCLASSIFIED,30 JUN 2005,"LANDLOCKED COUNTRIES, FOREIGN MINISTERS MEETINGS, ACCESS TO PORTS"
filename_1738526838836.pdf,09 APR 1974,AMEMBASSY LA PAZ,SECSTATE WASHDC 2795,NA,n/a,NA,1974LAPAZ02238,UNCLASSIFIED,30 JUN 2005,n/a
filename_1738526839191.pdf,09 APR 1974,AMEMBASSY LA PAZ,SECSTATE WASHDC 2786,"TEXT OF ""DECLARATION OF COCHABAMBA""","PINT, PFOR, BL",NA,1974LAPAZ02209,UNCLASSIFIED,30 JUN 2005,"LANDLOCKED COUNTRIES, ACCESS TO PORTS"
filename_1738526839233.pdf,10 APR 1974,AMEMBASSY LA PAZ,SECSTATE WASHDC 2812,NA,"EFIN, EMIN, ENRG, BL","(A) LA PAZ 435; (B) LA PAZ 1115; (C) LA PAZ 3126 SUMMARY: EMBASSY RECOMMENDS AGAINST OPIC INSURANCE FOR LONE STAR BOLIVIA GROUP FOR SAME REASONS AS IN UNION OIL CASE, MAINLY THAT OPIC INSURANCE NOT INSTRUMENTAL FOR FIRM'S DECISION AND, ON BALANCE, STILL NOT ADVISABLE DUE TO SENSITIVITY OF SECTOR FROM OVERALL USG POLICY STANDPOINT. EMBASSY MAY RECOMMEND AGAINST INSURANCE FOR NEW JERSEY ZINC ON SIMILAR GROUNDS, BUT LACKS SUFFICIENT INFORMATION. END SUMMARY.",1974LAPAZ02284,UNCLASSIFIED,30 JUN 2005,"INSURANCE, BUSINESS FIRMS, MINING INDUSTRY, LOANS"
filename_1738526839846.pdf,15 APR 1974,AMEMBASSY LA PAZ,SECSTATE WASHDC 2826,NA,PBOR PFOR BL,NA,1974LAPAZ02306,UNCLASSIFIED,30 JUN 2005,"LANDLOCKED COUNTRIES, PRESS COMMENTS, DIPLOMATIC COMMUNICATIONS, ACCESS TO PORTS, FOREIGN POLICY"
filename_1738526840408.pdf,16 APR 1974,AMEMBASSY LA PAZ,SECSTATE WASHDC 2836,ICEM AND OAS MEETING IN ATLANTA,PFOR BL OAS,NA,1974LAPAZ02343,UNCLASSIFIED,30 JUN 2005,"MEETING AGENDA, MEETINGS"
filename_1738526840592.pdf,18 APR 1974,AMEMBASSY LA PAZ,AMEMBASSY LIMA,NA,"EGEN, LAFTA, BL",NA,1974LAPAZ02436,UNCLASSIFIED,30 JUN 2005,"JUNTA, MEETING AGENDA, MEETINGS"
filename_1738526840627.pdf,16 APR 1974,AMEMBASSY LA PAZ,SECSTATE WASHDC IMMEDIATE 2840,NA,"EGEN, LAFTA, PE, VE, BL",CARACAS 3226 AIDAC,1974LAPAZ02347,UNCLASSIFIED,30 JUN 2005,"PRESIDENT, COMMON MARKETS"
filename_1738526841168.pdf,19 APR 1974,AMEMBASSY LA PAZ,AMEMBASSY LIMA,NA,"EFIN, PE, BL, LAFTA",NA,1974LAPAZ02466,UNCLASSIFIED,30 JUN 2005,"MEETING AGENDA, AGREEMENTS, MEETINGS, PROPOSALS (BID)"
filename_1738526841516.pdf,22 APR 1974,AMEMBASSY LA PAZ,SECSTATE WASHDC 2887,NA,"APER, BL, (DOUGLAS, ROBERT)",NA,1974LAPAZ02490,UNCLASSIFIED,30 JUN 2005,n/a
filename_1738526841702.pdf,24 APR 1974,AMEMBASSY LA PAZ,SECSTATE WASHDC 2908,FOREIGN INVESTMENT CLIMATE AND DATA,"EIND, EFIN",STATE 53993 SUMMARY: THUS MESSAGE UPDATES FOREIGN INVESTMENT CLIMATE NARRATIVE FOR ANNUAL COMPENDIUM. END SUMMARY.,1974LAPAZ02576,UNCLASSIFIED,30 JUN 2005,"COMMERCE & INDUSTRY, FOREIGN INVESTMENTS, INVESTMENT OPPORTUNITY REPORTS, INVESTMENT DATA"
filename_1738526842360.pdf,24 APR 1974,AMEMBASSY LA PAZ,SECSTATE WASHDC PRIORITY 2909,NA,PFOR MASS OVIP EAID BL,NA,1974LAPAZ02581,UNCLASSIFIED,30 JUN 2005,"MILITARY ASSISTANCE, ECONOMIC ASSISTANCE, DIPLOMATIC DISCUSSIONS, CHIEF OF STATE VISITS"
filename_1738526842420.pdf,24 APR 1974,AMEMBASSY LA PAZ,SECSTATE WASHDC IMMEDIATE 2921,NA,MASS BL,SEC/DEFENSE MESSAGE 121835Z APR 74,1974LAPAZ02604,UNCLASSIFIED,30 JUN 2005,"MILITARY ASSISTANCE, PRESIDENT, ECONOMIC ASSISTANCE, CREDIT AGREEMENTS"
filename_1738526842628.pdf,24 APR 1974,AMEMBASSY LA PAZ,SECSTATE WASHDC 2924,NA,"ETRD, BL",STATE 44074 (NOTAL),1974LAPAZ02611,UNCLASSIFIED,30 JUN 2005,"TREATY VIOLATION, FARM EQUIPMENT, TRADE AGREEMENTS, TRACTORS, IMPORT CONTROLS, MONOPOLIES"
filename_1738526842783.pdf,24 APR 1974,AMEMBASSY LA PAZ,SECSTATE WASHDC 2907,NA,SGEN OTRA BL,NA,1974LAPAZ02574,UNCLASSIFIED,30 JUN 2005,"DISASTER RELIEF, VISITS, NATURAL DISASTERS, VOLUNTARY AGENCIES"
filename_1738526843247.pdf,25 APR 1974,AMEMBASSY LA PAZ,SECSTATE WASHDC IMMEDIATE 2934,NA,MASS BL,A) LA PAZ 2604 B) SEC/DEFENSE MESSAGE 121835Z APR 74,1974LAPAZ02646,UNCLASSIFIED,30 JUN 2005,"MILITARY ASSISTANCE, CREDIT AGREEMENTS, DIPLOMATIC COMMUNICATIONS"
filename_1738526843976.pdf,26 APR 1974,AMEMBASSY LA PAZ,SECSTATE WASHDC PRIORITY 2952,NA,"EAGR, BEXP, BL",LIMA 3279,1974LAPAZ02673,UNCLASSIFIED,30 JUN 2005,TRADE OPPORTUNITY REPORTS
filename_1738526844204.pdf,26 APR 1974,AMEMBASSY LA PAZ,SECSTATE WASHDC 2940,APPLEGATE-YOUNGQUIST CASE,"BIZCQB, BL",NA,1974LAPAZ02654,UNCLASSIFIED,30 JUN 2005,"DISPUTE SETTLEMENT, LAND NATIONALIZATION, NEGOTIATIONS"
filename_1738526844302.pdf,30 APR 1974,AMEMBASSY LA PAZ,SECSTATE WASHDC 2960,PL 480 - TITLE I WHEAT,"EAID, BL",(A) STATE 20276 (B) STATE 081990,1974LAPAZ02742,UNCLASSIFIED,30 JUN 2005,"WHEAT, PL 480 TITLE 1"
filename_1738526844512.pdf,30 APR 1974,AMEMBASSY LA PAZ,SECSTATE WASHDC 2968,OPIC INSURANCE APPLICATIONS: JOHN LAMAR LESSOR AND CHARLES E. STOKES STATE PASS OPIC SUMMARY. GOB HAS SENT NOTE INDICATING MIN AG'S APPROVAL SUBJECT OPIC INVESTMENT. TELEGRAM DISCUSSES FORM OF NOTE AND COMMENTS ON LAND INVESTMENTS IN BOLIVIA. END SUMMARY.,"EFIN, BL",NA,1974LAPAZ02766,UNCLASSIFIED,30 JUN 2005,"INSURANCE, CATTLE, NATIONALIZATION, INVESTORS, FOREIGN INVESTMENTS, CONTRACTS, LAND REFORMS"
filename_1738526845148.pdf,01 MAY 1974,AMEMBASSY LA PAZ,SECSTATE WASHDC 2976,"TEXTILE TRADE MISSION, VENEZUELA, COLOMBIA, AND BRAZIL, JUNE, 1974","BEXP, BL",NA,1974LAPAZ02773,UNCLASSIFIED,30 JUN 2005,n/a
filename_1738526845282.pdf,07 MAY 1974,AMEMBASSY LA PAZ,SECSTATE WASHDC 3008,EXPORT COMPETITION: LARGE TRACTORS,"BEXP, BL",LA PAZ A87,1974LAPAZ02898,UNCLASSIFIED,30 JUN 2005,n/a
filename_1738526845332.pdf,07 MAY 1974,AMEMBASSY LA PAZ,SECSTATE WASHDC 3014,IMPC/EMBOSA PROBLEM,BDIS BL,STATE 083632 FROM AMBASSADOR,1974LAPAZ02914,UNCLASSIFIED,30 JUN 2005,n/a
filename_1738526845593.pdf,08 MAY 1974,AMEMBASSY LA PAZ,SECSTATE WASHDC 3023,NA,"ETRD, EAGR",NA,1974LAPAZ02935,UNCLASSIFIED,30 JUN 2005,"ECONOMIC GROWTH, DATA, MARKETS, US CONGRESSIONAL HEARINGS, COMMITTEES"
filename_1738526846166.pdf,08 MAY 1974,AMEMBASSY LA PAZ,SECSTATE WASHDC IMMEDIATE 3030,NA,CASC,NA,1974LAPAZ02954,UNCLASSIFIED,30 JUN 2005,n/a
filename_1738526846318.pdf,08 MAY 1974,AMEMBASSY LA PAZ,SECSTATE WASHDC 3025,NA,"ETRD, BL",NA,1974LAPAZ02947,UNCLASSIFIED,30 JUN 2005,"PRESS COMMENTS, IMPORTS, LAW, CUSTOMS DUTIES, TARIFF SCHEDULES, FEES, SALES TAXES"
filename_1738526846411.pdf,08 MAY 1974,AMEMBASSY LA PAZ,SECSTATE WASHDC 3025,NA,"ETRD, BL",NA,1974LAPAZ02047,UNCLASSIFIED,30 JUN 2005,"COMMITTEES, ELECTION CANDIDATES, INTERNATIONAL ORGANIZATIONS"
filename_1738526847154.pdf,09 MAY 1974,AMEMBASSY LA PAZ,DEA HQS WASHDC PRIORITY,"BOLIVIAN TRAINING SCHOOL HQS FOR STUTMAN/TR, EMBASSY FOR DEA","SNAR, BL",NA,1974LAPAZ03003,UNCLASSIFIED,30 JUN 2005,"DRUG CONTROL, PERSONNEL TRAINING, VISITS, PERSONNEL TRAVEL"
filename_1738526847242.pdf,09 MAY 1974,AMEMBASSY LA PAZ,SECSTATE WASHDC PRIORITY 3046,LAB BUYS JET,"EFIN, BL",NA,1974LAPAZ03005,UNCLASSIFIED,30 JUN 2005,"CIVIL AVIATION, AIRLINES, AIRCRAFT SALES, CREDIT AGREEMENTS, BANK LOANS"
filename_1738526848160.pdf,14 MAY 1974,AMEMBASSY LA PAZ,SECSTATE WASHDC 3079,NA,PFOR EAID MASS BL,NA,1974LAPAZ03098,UNCLASSIFIED,30 JUN 2005,"MILITARY ASSISTANCE, ECONOMIC DEVELOPMENT, DIPLOMATIC DISCUSSIONS, FOREIGN ASSISTANCE PROGRAMS, FLOOD"
filename_1738526848329.pdf,10 MAY 1974,AMEMBASSY LA PAZ,SECSTATE WASHDC PRIORITY 3056,BOLIVIA CASP,"PFOR, BL, EAID",A. STATE 88210 B. LA PAZ 2848,1974LAPAZ03038,UNCLASSIFIED,30 JUN 2005,"REPORTS, CASP, AGRICULTURAL PROGRAMS, PERSONNEL TRAVEL, LOANS, FIELD CROPS"
filename_1738526849287.pdf,14 MAY 1974,AMEMBASSY LA PAZ,SECSTATE WASHDC PRIORITY 3088,PL-480 TITLE I LIMA FOR AGATT,"EAID, EAGR, ECON, BL","STATE 092148 AND LA PAZ A-023. SUMMARY: WE ESTIMATE THAT EVEN IF PRESENT COMMERCIAL WHEAT/FLOUR IMPORT ARRANGEMENTS IMPLEMENTED BOLIVIA WILL HAVE SUPPLY GAP OF ABOUT 40,000 M.T. OF WHEAT WHICH SHOULD BE MET BY PL-480. WE BELIEVE FURTHER AGREEMENT JUSTIFIED ON BASIS POOR BALANCE OF PAYMENTS PROSPECTS FOR 1975, AS INTEGRAL ELEMENT USG ASSISTANCE STRATEGY FOR AGRRICULTURE SECTOR AND OTHER DEVELOPMENT SECTORS IN WHICH USG DIRECTING ITS EFFORTS. WE ALSO SEE POSSIBILITY THAT PL-480 GENERATIONS MIGHT BE USED TO HELP FINANCE LOCAL CURRENCY COSTS LATER PHASES RECONSTRUCTION FLOOD DAMAGED AREAS. WE JUDGE PL-480 HAS HIGH GOB PRIORITY, IS POLITICALLY IMPORTANT AND THAT USG HAS RESPONSIBILITY TO USE THIS FLEXIBLE TOOL IN HELPING SOLVE BOLIVIA'S GRAIN SUPPLY PROBLEM AND TO AVOID JOLTING CHANGE FROM SUBSTANTIAL WHEAT CREDIT PROGRAM TO NO WHEAT CREDIT PROGRAM AT ALL. END SUMMARY:",1974LAPAZ03128,UNCLASSIFIED,30 JUN 2005,"WHEAT, DATA, PL 480 TITLE 1, BALANCE OF PAYMENTS DEFICITS, CREDIT AGREEMENTS, FOREIGN ASSISTANCE PROGRAMS,"
filename_1738526849749.pdf,16 MAY 1974,AMEMBASSY LA PAZ,DEA HQS WASHDC,NA,"SNAR, BL",NA,1974LAPAZ03188,UNCLASSIFIED,30 JUN 2005,"DRUG CONTROL, PERSONNEL TRAINING"
filename_1738526849836.pdf,16 MAY 1974,AMEMBASSY LA PAZ,SECSTATE WASHDC 3111,NA,"PINT, BL",NA,1974LAPAZ03187,UNCLASSIFIED,30 JUN 2005,"OPPOSITION PARTIES, PARTY ALLIANCE, PARTY ORGANIZATION"
filename_1738526850161.pdf,16 MAY 1974,AMEMBASSY LA PAZ,SECSTATE WASHDC 3105,EVALUATION OF INTAL PERFORMANCE,"EGEN, LAFTA, BL",STATE 85043,1974LAPAZ03165,UNCLASSIFIED,30 JUN 2005,"INTERNATIONAL LABOR ORGANIZATIONS, SEMINARS, ECONOMIC INTEGRATION"
filename_1738526851749.pdf,22 MAY 1974,AMEMBASSY LA PAZ,SECSTATE WASHDC IMMEDIATE 3163,POLITICAL TENSIONS RISE OVER RELATIONS WITH BRAZIL,"PINS, PINT, PFOR, BL",LA PAZ 3187,1974LAPAZ03295,UNCLASSIFIED,30 JUN 2005,"NATURAL GAS, OPPOSITION PARTIES, PARTY ALLIANCE, CHIEF OF STATE VISITS, CONTRACTS, POPULAR RESENTMENT,"
filename_1738526852097.pdf,22 MAY 1974,AMEMBASSY LA PAZ,SECSTATE WASHDC 3161,AMERICAN INDIAN CONVENTION,BL,STATE 101850,1974LAPAZ03292,UNCLASSIFIED,30 JUN 2005,"MINORITIES, MEETINGS, MEETING DELEGATIONS, FOREIGN POLICY POSITION"
filename_1738526852192.pdf,20 MAY 1974,AMEMBASSY LA PAZ,SECSTATE WASHDC 3141,NA,"TECH, ENRG, BL","STATE A-3772 OF MAY 8, 1974",1974LAPAZ03250,UNCLASSIFIED,30 JUN 2005,"ENRGY, MEETINGS, INVITATIONS"
filename_1738526853280.pdf,23 MAY 1974,AMEMBASSY LA PAZ,SECSTATE WASHDC PRIORITY 3195,NA,"EFIN, BEXP, BL, BR",NA,1974LAPAZ03357,UNCLASSIFIED,30 JUN 2005,"CONSTRUCTION EQUIPMENT, COOPERATIVE SERVICE AGREEMENTS, CREDIT AGREEMENTS, HIGHWAYS"
filename_1738526853739.pdf,23 MAY 1974,AMEMBASSY LA PAZ,SECSTATE WASHDC PRIORITY 3193,"PRESIDENT'S GEISEL AND BANZER SIGN GAS AND INDUSTRIAL DEVELOPMENT ""ACT""","ECON, EFIN, EMIN, ENRG, BL, BR","A-269 OF DECEMBER 12, 1973; A-074 OF APRIL 16, 1974 SUMMARY ""ACT OF COOPERATION AND INDUSTRIAL COMPLE- MENTATION"" WAS SIGNED BY PRESIDENTS GEISEL AND BANZER MAY 22 IN COCHABAMBA. THE ACT IS TO BECOME EFFECTIVE UPON RATIFICATION. COMPLETE TEXT AS PUBLISHED IN NEWSPAPERS BEING SENT BY AIRGRAM TOGETHER WITH OTHER DOCUMENTATION. THIS MESSAGE SUMMARIZES MAIN ELEMENTS OF AGREEMENT WHICH COVERS POSSIBLE GAS SALES TO BRAZIL UNCLASSIFIED UNCLASSIFIED PAGE 02 LA PAZ 03356 01 OF 02 232250Z AND BRAZILIAN ASSISTANCE FOR INDUSTRIAL DEVELOPMENT Declassified/Released US Department of State EO Systematic Review 30 JUN 2005 Declassified/Released US Department of State EO Systematic Review 30 JUN 2005 POLE IN SOUTHEAST BOLIVIA. END SUMMARY.1. ART. 4 IF STUDIES SHOW THEIR TECHNICAL AND ECONOMIC FEASIBILITY (A) BOLIVIAN GOVERNMENT (GOBO) IS COMMITTED TO SELL AVERAGE 240 MILLION CUBIC FEET OF NATURAL GAS TO BRAZIL FOR 20 YEARS ON TERMS AND CONDITIONS (INCLUDING PRICE WHICH CAN BE ADJUSTED EVERY SIX MONTHS IN ACCORDANCE WITH INTERNATIONAL MARKET PRICE) TO BE ESTABLISHED IN CONTRACT BETWEEN PETROLEO BRASILEIRO S.A. (PETROBRAS) AND YACIMIENTOS PETROLIFEROS FISCALES BOLIVIANOS (YPFB); (B) BRAZILIAN GOVERNMENT (GOBR) IS COMMITTED TO COOPERATE IN IMPLEMENTATION OF PROJECTS AND INFRASTRUCTURE NEEDED FOR GAS PIPELINES AND INDUSTRIAL DEVELOPMENT POLE AS SET OUT IN ARTS. 2 AND 3; (C) GOBR IS COMMITTED TO GUARANTEE MARKET FOR PRODUCTS OF BOLIVIAN INDUSTRIAL DEVELOPMENT POLE IN ACCORDANCE WITH TERMS OF ANNEX II OF ACT WHICH SPELLS OUT IN DETAIL PERCENT OF PRODUCTION OF EACH PLANT WHICH BRAZIL AGREES TO TAKE AS MINIMUM AND CUSTOMS AND INTERNAL TAXES THAT WILL APPLY. 2. (ART.3) GOBO WILL PRESENT TO GOBR STUDY ON GAS RESERVES CERTIFYING SUFFICIENT SUPPLIES TO MEET 240 MILLION CUBIC FEET PER DAY FOR 20 YEARS COMMITMENT TO GOBR. GOBO WILL DO STUDIES FOR GAS PIPELINES WITH SUFFICIENT CAPACITY TO SUPPLY BOLIVIAN INDUSTRIES TO BE ESTABLISHED PLUS COMMITMENT TO BRAZIL. GOBR WILL DO STUDIES FOR GAS PIPELINE FROM BORDER TO BRAZILIAN CONSUMPTION POINTS. 3. (ART.2) GOBO AND GOBR WILL COOPERATE TO DO STUDIES FOR (A) STEEL COMPLEX WITH CAPACITY TO PRODUCE ANNUALLY 900,000 M.T. SPONGE IRON AND STEEL AND LAMINATIONS EQUIVALENT TO 500,000 M.T. STEEL; (B) NITROGENOUS FERTILIZER PLANT WITH UREA PRODUCTION CAPACITY OF 1,000 M.T. PER DAY; (C) CEMENT PLANT WITH CAPACITY OF 1,000 M.T. PER DAY AND (D) INFRASTRUCTURE FOR DEVELOPMENT POLE. 4. (ART.1) GOBO AND GOBR AGREE TO CARRY OUT ASAP ESTABLISHMENT OF PLANTS REFEREED TO IN PRECEDING PARA PLUS POWER PLANT. BOLIVIA DISPOSED TO IMPLEMENT (CONCRETAR) GAS SALE TO BRAZIL ""IN CONJUNCTION WITH"" UNCLASSIFIED UNCLASSIFIED PAGE 03 LA PAZ 03356 01 OF 02 232250Z ESTABLISHMENT OF DEVELOPMENT POLE. 5. ART.5 GOBR WILL FINANCE GOBO STUDIES REFERRED TO IN ART. II(PRECEDING PARA) IN AMOUNT UP TO US$ 10 MILLION, 5 PERCENT INTEREST, 3 YEARS GRACE, 15 YEARS TOTAL TERM. LOAN AGREEMENT TO BE SIGNED WITHIN 30 DAYS FROM SIGNING ACT LOAN PROCEEDS FREELY DISPOSABLE AND CONVERTIBLE. 6. (ART 2.) GOBR AND GOBO WILL ESTABLISH BOLIVIAN- Declassified/Released US Department of State EO Systematic Review 30 JUN 2005 Declassified/Released US Department of State EO Systematic Review 30 JUN 2005 BRAZILIAN ECONOMIC AND TECHNICAL COOPERATION COMMITTEE TO COORDINATE IMPLEMENTATION OF ACT. 7. (ART.8) GOBO AND GOBR AGREE TO STUDY IN LATER PHASE ECONOMIC VIABILITY OF PETRO- CHEMICAL COMPLEX FOR PRODUCTION OF ETHYLENE AND ITS DERIVATIVES WITH POSSIBLE GOBR MARKET GUARANTEE. 8. (ANNEX I). GOBR IS COMMITTED TO (A) FINANCE ALL OF GOBO PURCHASES OF BRAZILIAN GOODS AND SERVICES FOR PROJECTS DESCRIBED IN ARTS. II AND III AT INTEREST RATES AND TERMS EQUAL TO BEST GRANTED BY GOBR TO OTHER COUNTRIES AT TIME REQUESTED; (B) GUARANTEE FINANCING OF UP TO HALF OF PURCHASES OF GOODS AND SERVICES GOBO MAY MAKE IN THIRD COUNTRIES FOR PROJECTS DESCRIBED IN ART. II AT INTEREST RATES AND TERMS PREVAILING IN INTERNATIONAL MARKET AT TIME PURCHASE CONTRACTS SIGNED; (C) FINANCE AT GOBO'S REQUEST LOCAL COSTS OF PROJECTS MENTIONED IN ACT IN AMOUNTS AND AT TERMS AND CONDITIONS TO BE ESTABLISHED; (D) COOPERATE WITH GOBO IN OBTAINING RESOURCES NEEDED FROM IFI'S SUCH AS IDB AND IBRD FOR FINANCING BOLIVIAN PORTION GAS PIPELINES. BREWIN UNCLASSIFIED NNN UNCLASSIFIED PAGE 01 LA PAZ 03356 02 OF 02 232254Z 64 ACTION ARA-20 INFO OCT-01 ISO-00 FPC-01 AEC-11 AID-20 CEA-02 CIAE-00 CIEP-02 COME-00 DODE-00 EB-11 FEA-02 H-03 INR-10 INT-08 L-03 NSAE-00 NSC-07 OMB-01 PM-07 RSC-01 SAM-01 SCI-06 SP-03 SS-20 STR-08 TRSE-00 PA-04 PRS-01 USIA-15 AGR-20 XMB-07 DRC-01 /196 W --------------------- 018356 P R 232105Z MAY 74 FM AMEMBASSY LA PAZ TO SECSTATE WASHDC PRIORITY 3194 INFO AMEMBASSY BRASILIA Declassified/Released US Department of State EO Systematic Review 30 JUN 2005 Declassified/Released US Department of State EO Systematic Review 30 JUN 2005 AMEMBASSY BUENOS AIRES AMEMBASSY LIMA AMEMBASSY SANTIAGO AMEMBASSY ASUNCION AMEMBASSY BOGOTA AMEMBASSY CARACAS AMEMBASSY QUITO UNCLAS SECTION 2 OF 2 LA PAZ 3356/2 9. (ANNEX II) PERCENTAGES OF PRODUCTION FROM DEVELOPMENT POLE THAT GOBR GUARANTEES TO TAKE AS MINIMUM ARE SET OUT IN DETAIL. SUPPLY OF GAS TO BRAZIL WILL DEPEND ON CONCLUSION OF ALL STUDIES; FEASIBILITY OF PROJECTS; SIGNING OF MARKET GUARANTEE, PRICE, FINANCING, AND TECHNICAL ASSISTANCE CONTRACTS AND COMPLETION OF GAS PIPELINE. IRON AND STEEL PRICES WILL BE SET FOLLOWING COMPLETION FEASIBILITY STUDIES AND ON BASIS COMPETITIVENESS IN BRAZILIAN MARKET. FERTILIZER PRICE AT CORUMBA WILL BE EQUIVALENT TO CIF PRICE SANTOS UREA IMPORTED FROM THIRD COUNTRIES. GAS PRICE WILL BE ESTABLISHED IN PETROBRAS-YPFB CONTRACT. UNCLASSIFIED UNCLASSIFIED PAGE 02 LA PAZ 03356 02 OF 02 232254Z 10. (ANNEX III) GOBR WILL PROVIDE TECHNICAL ASSISTANCE AT REQUEST GOBO FOR IMPLEMENTATION INDUSTRIAL PROJECTS MENTIONED IN ACT WITHIN TERMS BASIC AGREEMENT OF JULY 10, 1973 (SEE REFAIR) AND IN ACCORDANCE WITH FURTHER GUIDELINES SET OUR IN ANNEX III.",1974LAPAZ03356,UNCLASSIFIED,30 JUN 2005,"NATURAL GAS, INDUSTRIAL DEVELOPMENT, TREATY SIGNATURE, DEVELOPMENT PROGRAMS, TECHNICAL ASSISTANCE"
filename_1738526854639.pdf,24 MAY 1974,AMEMBASSY LA PAZ,SECSTATE WASHDC 3202,NA,"EAID, ECON, BL",NA,1974LAPAZ03382,UNCLASSIFIED,30 JUN 2005,"MEETINGS, MEETING DELEGATIONS"
filename_1738526854806.pdf,28 MAY 1974,AMEMBASSY LA PAZ,SECSTATE WASHD PRIORITY 3217,NA,"MASS, BL",STATE 110568 AND PREVIOUS,1974LAPAZ03430,UNCLASSIFIED,30 JUN 2005,"PROCUREMENT, MILITARY ASSISTANCE, MILITARY EQUIPMENT, DATA, TANKS (COMBAT VEHICLES), MILITARY SALES"
filename_1738526854981.pdf,29 MAY 1974,AMEMBASSY LA PAZ,SECSTATE WASHDC 3224,NA,AFIN: SEPARATION,NA,1974LAPAZ03446,UNCLASSIFIED,30 JUN 2005,n/a
filename_1738526855475.pdf,29 MAY 1974,AMEMBASSY LA PAZ,SECSTATE WASHDC 3232,NA,"EAGR, SPOP, BL",STATE 107507,1974LAPAZ03463,UNCLASSIFIED,30 JUN 2005,"POPULATION, PRIVATE ENTERPRISE, COMMITTEE MEETINGS, INTERGOVERNMENTAL COOPERATION, FOOD ASSISTANCE"
filename_1738526855516.pdf,30 MAY 1974,AMEMBASSY LA PAZ,SECSTATE WASHDC 3253,BOLIVIAN DELEGATION TO THIRD UN CONFERENCE ON LAW OF THE SEA,"PBOR, UN, BL, PINR",STATE 67788; LA PAZ 1791; LA PAZ 1617,1974LAPAZ03507,UNCLASSIFIED,30 JUN 2005,"LAW OF THE SEA, SEABED, BIOGRAPHIC INFORMATION, NEGOTIATIONS, MEETINGS, MEETING DELEGATIONS, FOREIGN"
filename_1738526855710.pdf,30 MAY 1974,AMEMBASSY LA PAZ,SECSTATE WASHDC 3250,NA,"PINT, BL",LA PAZ 3295: LA PAZ A-70,1974LAPAZ03504,UNCLASSIFIED,30 JUN 2005,"LAW, DISPUTES, UNIVERSITIES, POLITICAL PARTIES, POLITICAL SITUATION, STUDENT DEMONSTRATIONS, MEETINGS,"
filename_1738526856770.pdf,30 MAY 1974,AMEMBASSY LA PAZ,SECSTATE WASHDC 3248,MFM WORKING GROUP ON TRANSNATIONAL ENTERPRISES,"PFOR, EGEN, MFM",(A) STATE 111288 (B) STATE 092124,1974LAPAZ03501,UNCLASSIFIED,30 JUN 2005,"FOREIGN MINISTERS MEETINGS, COMMITTEE MEETINGS, WASHINGTON, REGIONAL ORGANIZATIONS"
filename_1738526856904.pdf,30 MAY 1974,AMEMBASSY LA PAZ,SECSTATE WASHDC 3257,NA,"ENRG, BL","A-071 OF APRIL 19, 1974",1974LAPAZ03512,UNCLASSIFIED,30 JUN 2005,"EXPLORATION, PETROLEUM PRODUCTION, NATURAL GAS, TREATY SIGNATURE, CONTRACTS"
filename_1738526857043.pdf,30 MAY 1974,AMEMBASSY LA PAZ,SECSTATE WASHDC IMMEDIATE 3237,NA,"CASC, BL, (ROELLE, DANIEL)",STATE 111090 AND LA PAZ 2771,1974LAPAZ03478,UNCLASSIFIED,30 JUN 2005,n/a
filename_1738526857381.pdf,31 MAY 1974,AMEMBASSY LA PAZ,SECSTATE WASHDC IMMEDIATE 3269,NA,"PINT, PGOV, BL",LA PAZ 3504: LA PAZ 3295,1974LAPAZ03550,UNCLASSIFIED,30 JUN 2005,"GOVERNMENT REFORM, POLITICAL STABILITY, NATIONAL SECURITY, PRESIDENT, GOVERNMENT OVERTHROW,"
filename_1738526857878.pdf,31 MAY 1974,AMEMBASSY LA PAZ,SECSTATE WASHDC 3268,SHORT RANGE DEVELOPMENT PLANS AND GAS RESERVES,"ENRG, BL","A-110 OF MAY 31, 1974",1974LAPAZ03545,UNCLASSIFIED,30 JUN 2005,"GAS RESERVES, PROPOSALS (BID), CONTRACTS, EXPLORATORY DRILLING, OIL FIELDS, PETROLEUM CONCESSIONS,"
filename_1738526858050.pdf,31 MAY 1974,AMEMBASSY LA PAZ,SECSTATE WASHDC 3263,"BOLIVIA INVITED TO ATTEND JUNE, 1974 OPEC CONFERENCE","ENRG, BL",NA,1974LAPAZ03433,UNCLASSIFIED,30 JUN 2005,"PRESS COMMENTS, MEMBERSHIP, PETROLEUM, ECONOMIC CONDITIONS, INVITATIONS, MEETINGS, MEETING OBSERVERS"
filename_1738526858255.pdf,05 JUN 1974,AMEMBASSY LA PAZ,SECSTATE WASHDC 3300,BOLIVIAN OFFICIALS RESPONSIBLE FOR EASTERN DEVELOPMENT ZONE AND RELATED MATTERS,"BEXP, BMEP, ENRG, EMIN, BL",LA PAZ 3356; A-110; STATE 115983,1974LAPAZ03612,UNCLASSIFIED,30 JUN 2005,"DEVELOPMENT PROGRAMS, TECHNICAL ASSISTANCE CONTRACTS, MINING INDUSTRY, GOVERNMENT PERSONNEL"
filename_1738526858564.pdf,05 JUN 1974,AMEMBASSY LA PAZ,SECSTATE WASHDC 3314,NA,BDIS BL,"(A) LA PAZ 3396; (B) STATE 83632 BEGIN SUMMARY: AT REQEUST OF MINCOORDINATION, CHARGE AND ADCM CALLED ON MINMINING ON JUNE 4, PRESENTING POINTS PREVIOUSLY SUBMITTED TO MINCOORDINATPON CONTAINED REF (B) AND REQUESTED ARBITRATION OR SIMILAR PROCEEDING. AFTER REVIEWING CASE MINMINING STATED THAT THERE WAS NO BASIS FOR ANY CONCEIVABLE CLAIM OR DEMAND TYE MIGHT HAVE IN MIND OR FOR ARBITRATION. END SUMMARY.",1974LAPAZ03641,UNCLASSIFIED,30 JUN 2005,n/a
filename_1738526858914.pdf,06 JUN 1974,AMEMBASSY LA PAZ,SECSTATE WASHDC PRIORITY 3332,NA,"PINT, PGOV, BL",NA,1974LAPAZ03687,UNCLASSIFIED,30 JUN 2005,"PRESIDENT, GOVERNMENT REFORM, POLITICAL STABILITY, ARMED FORCES, SPEECHES, PUBLIC ADMINISTRATION,"
filename_1738526859039.pdf,07 JUN 1974,AMEMBASSY LA PAZ,SECSTATE WASHDC PRIORITY 3345,ARMED FORCES DISMISS TWENTY-FOUR OFFICERS,"PINT, PGOV, BL",NA,1974LAPAZ03715,UNCLASSIFIED,30 JUN 2005,"ARMED FORCES, MILITARY PERSONNEL, GOVERNMENT REFORM, PERSONNEL SEPARATIONS, COMMUNIQUES, OPPOSITION"
filename_1738526859375.pdf,07 JUN 1974,AMEMBASSY LA PAZ,SECSTATE WASHDC 3352,NA,"EAID, BL",NA,1974LAPAZ03729,UNCLASSIFIED,30 JUN 2005,"AGREEMENTS, PL 480 TITLE 1, FOREIGN EXCHANGE TRANSACTIONS, DEBT REPAYMENTS, CHECKS (MONEY)"
filename_1738526860119.pdf,12 JUN 1974,AMEMBASSY LA PAZ,SECSTATE WASHDC 3396,BOLIVIA'S PETROLEUM PRODUCTION - EXPORTS & GAS EXPORTS FOR FIRST FOUR MONTHS OF 1974,"ENRG, BL",NA,1974LAPAZ03851,UNCLASSIFIED,30 JUN 2005,"PETROLEUM PRODUCTION, PETROLEUM, EXPORT DATA, PRICE TRENDS"
filename_1738526860553.pdf,12 JUN 1974,AMEMBASSY LA PAZ,SECSTATE WASHDC 3397,NA,EAGR BL,NA,1974LAPAZ03852,UNCLASSIFIED,30 JUN 2005,"SUGAR, SALES DATA, PRICES, EXPORT QUOTAS"
filename_1738526860892.pdf,12 JUN 1974,AMEMBASSY LA PAZ,SECSTATE WASHDC 3375,IMPC/EMBOSA,"BDIS, BL","LA PAZ 3641 OF JUNE 5, 1974 SUMMARY. TYE PHONE MIN ATT FROM SUCRE HOTEL AND ASKED IF EMBOFFS HAD SEEN BOLIVIAN OFFICIALS REGARDING EMBOSA'S CASE AND WHAT WERE RESULT. MIN ATT TOLD HIM AMBASSADOR, CHARGE AND A/DCM HAD SEEN BOLIVIAN OFFICIALS AND LAST MEETING WITH MIN MINING HAD PROVED COMPLETELY NEGATIVE. END SUMMARY.",1974LAPAZ03800,UNCLASSIFIED,30 JUN 2005,n/a
filename_1738526861247.pdf,19 JUN 1974,AMEMBASSY LA PAZ,SECSTATE WASHDC 3440,NA,"MASS, BL",STATE 115974,1974LAPAZ03978,UNCLASSIFIED,30 JUN 2005,"MILITARY PROCUREMENT, MILITARY ASSISTANCE, TANKS (COMBAT VEHICLES), MILITARY SALES"
filename_1738526861409.pdf,19 JUN 1974,AMEMBASSY LA PAZ,SECSTATE WASHDC 3436,NA,PINT BL,LA PAZ 3504,1974LAPAZ03970,UNCLASSIFIED,30 JUN 2005,"UNIVERSITIES, STUDENT DEMONSTRATIONS, PERSONNEL RESIGNATIONS"
filename_1738526861787.pdf,20 JUN 1974,AMEMBASSY LA PAZ,SECSTATE WASHDC IMMEDIATE 3457,NA,PFOR MASS EAID BL,NA,1974LAPAZ04012,UNCLASSIFIED,30 JUN 2005,"MILITARY AIRCRAFT, MILITARY PROCUREMENT, TRANSPORT AIRCRAFT, FOREIGN POLICY POSITION"
filename_1738526862272.pdf,20 JUN 1974,AMEMBASSY LA PAZ,SECSTATE WASHDC 3465,ARGENTINE - BOLIVIAN NEGOTIATIONS,"EIND, BL",LA PAZ 3570,1974LAPAZ04033,UNCLASSIFIED,30 JUN 2005,"PRESS COMMENTS, MINISTERIAL VISITS, ECONOMIC AGREEMENTS"
filename_1738526862990.pdf,21 JUN 1974,AMEMBASSY LA PAZ,SECSTATE WASHDC 3470,NA,PFOR MASS BL UR,NA,1974LAPAZ04041,UNCLASSIFIED,30 JUN 2005,"PRESIDENT, MILITARY EQUIPMENT, MILITARY PROCUREMENT, TECHNICAL ASSISTANCE, ECONOMIC ASSISTANCE, MEETINGS,"
filename_1738526863162.pdf,20 JUN 1974,AMEMBASSY LA PAZ,SECSTATE WASHDC 3464,NA,PFOR BL,NA,1974LAPAZ04031,UNCLASSIFIED,30 JUN 2005,"DIPLOMATIC COMMUNICATIONS, ACCESS TO PORTS"
filename_1738526863433.pdf,24 JUN 1974,AMEMBASSY LA PAZ,SECSTATE WASHDC 3483,VISIT BY NATIONAL BANK EXAMINERS,"EFIN, BL",STATE 132499,1974LAPAZ04079,UNCLASSIFIED,30 JUN 2005,"CENTRAL BANK, BANKERS, VISITS"
filename_1738526864578.pdf,25 JUN 1974,AMEMBASSY LA PAZ,SECSTATE WASHDC 3497,NA,"MASS, BL",STATE 031505,1974LAPAZ04122,UNCLASSIFIED,30 JUN 2005,"SECURITY, ECONOMIC CONDITIONS, AIR FORCE, BALANCE OF PAYMENTS"
filename_1738526864714.pdf,24 JUN 1974,AMEMBASSY LA PAZ,SECSTATE WASHDC 3482,NA,MASS PFOR BL UR,LA PAZ 4041,1974LAPAZ04082,UNCLASSIFIED,30 JUN 2005,"MILITARY EQUIPMENT, MEETINGS, TANKS (COMBAT VEHICLES)"
filename_1738526865206.pdf,26 JUN 1974,AMEMBASSY LA PAZ,SECSTATE WASHDC 3502,NA,"EMIN, BL, BGEN",NA,1974LAPAZ04139,UNCLASSIFIED,30 JUN 2005,"EXPLORATION, AGREEMENTS, TREATY SIGNATURE, TECHNICAL ASSISTANCE, BUSINESS FIRMS, MINING INDUSTRY,"
filename_1738526866251.pdf,27 JUN 1974,AMEMBASSY LA PAZ,SECSTATE WASHDC 3514,NATIONAL ECONOMIC-PLANNING COUNCIL (CONEPLAN) SIGNS COOPERATION AND TECHNICAL ASSISTANCE PROJECT (CTAP) WITH JAPANESE OVERSEAS TECHNICAL COOPERATION AGENCY (OTCA),"IAGS, TGEN, BL",NA,1974LAPAZ04167,UNCLASSIFIED,30 JUN 2005,"TECHNICAL ASSISTANCE, AGREEMENTS, TREATY SIGNATURE, INTERGOVERNMENTAL COOPERATION, PROGRAMS"
filename_1738526866650.pdf,28 JUN 1974,AMEMBASSY LA PAZ,SECSTATE WASHDC PRIORITY 3533,NA,"ENRG, BL, BEXP",NA,1974LAPAZ04239,UNCLASSIFIED,30 JUN 2005,"CIVIL AVIATION, ECONOMIC STABILITY, POLITICAL STABILITY, SUPPLIES, AGREEMENTS, TREATY SIGNATURE, JET FUEL,"
filename_1738526866942.pdf,28 JUN 1974,AMEMBASSY LA PAZ,SECSTATE WASHDC 3535,NA,"ENRG, TECH, EMIN, BL","(A) A-034 OF FEBRUARY 18, 1974 (B) LA PAZ 3179 OF MAY 16, 1974",1974LAPAZ04241,UNCLASSIFIED,30 JUN 2005,"URANIUM, EXPLORATION, TREATY SIGNATURE, CONTRACTS, BUSINESS FIRMS, FOREIGN INVESTMENTS, JOINT VENTURES"
filename_1738526867333.pdf,28 JUN 1974,AMEMBASSY LA PAZ,SECSTATE WASHDC 3526,NA,"BDIS, BL",NA,1974LAPAZ04221,UNCLASSIFIED,30 JUN 2005,n/a
filename_1738526867735.pdf,01 JUL 1974,AMEMBASSY LA PAZ,SECSTATE WASHDC 3544,NA,"EMIN, BL",NA,1974LAPAZ04264,UNCLASSIFIED,30 JUN 2005,"EXPLORATION, ECONOMIC ASSISTANCE, MAPS, MINERAL RESERVES, PROGRAMS (PROJECTS)"
filename_1738526868357.pdf,02 JUL 1974,AMEMBASSY LA PAZ,SECSTATE WASHDC 3551,NA,"EGEN, PFOR, MFM, BL",NA,1974LAPAZ04291,UNCLASSIFIED,30 JUN 2005,"FOREIGN MINISTERS MEETINGS, COMMITTEE MEETINGS, BUSINESS FIRMS, AIDE MEMOIRE, REPRESENTATIONAL ACTIVITIES"
filename_1738526868475.pdf,03 JUL 1974,AMEMBASSY LA PAZ,SECSTATE WASHDC 3557,NA,"MAR, PFOR",STATE A4683 OF JUNE 10,1974LAPAZ04305,UNCLASSIFIED,30 JUN 2005,"WAR, LANDLOCKED COUNTRIES, FOREIGN RELATIONS, INTELLIGENCE ASSESSMENTS, FOREIGN POLICY POSITION, ACCESS"
filename_1738526869838.pdf,08 JUL 1974,AMEMBASSY LA PAZ,SECSTATE WASHDC 3582,NA,SWEL PAHO BL,NA,1974LAPAZ04372,UNCLASSIFIED,30 JUN 2005,"HEALTH, VOTING, ELECTION CANDIDATES, INTERNATIONAL ORGANIZATIONS, FOREIGN POLICY POSITION"
filename_1738526870425.pdf,08 JUL 1974,AMEMBASSY LA PAZ,SECSTATE WASHDC 3592,"INSTITUTE OF GEOLOGIC, MINING, AND METALLURGIC INVESTIGATIONS (GEOMIN) CREATED BY BOLIVIAN GOVERNMENT","EMIN, ENRG TECH, BL",NA,1974LAPAZ04391,UNCLASSIFIED,30 JUN 2005,"MINING, TECHNICAL ASSISTANCE, ECONOMIC ASSISTANCE, GEOLOGIC SURVEYS, INVESTIGATIONS, METALLURGY,"
filename_1738526870917.pdf,09 JUL 1974,AMEMBASSY LA PAZ,SECSTATE WASHDC IMMEDIATE 3593,NA,P*,NA,1974LAPAZ04394,UNCLASSIFIED,30 JUN 2005,"BIOGRAPHIC INFORMATION, CONSTITUTION, PERSONNEL APPOINTMENTS, ELECTIONS"
filename_1738526871122.pdf,10 JUL 1974,AMEMBASSY LA PAZ,AMEMBASSY CARACAS,NA,"EFIN, EAID, BL, VE",NA,1974LAPAZ04455,UNCLASSIFIED,30 JUN 2005,"ECONOMIC ASSISTANCE, SPEECHES, LOANS"
filename_1738526871456.pdf,10 JUL 1974,AMEMBASSY LA PAZ,SECSTATE WASHDC 3617,NA,"PGOV, PINT, PINR, BL",LA PAZ 4394,1974LAPAZ04457,UNCLASSIFIED,30 JUN 2005,"CABINET, BIOGRAPHIC INFORMATION, PERSONNEL APPOINTMENTS"
filename_1738526871570.pdf,10 JUL 1974,AMEMBASSY LA PAZ,SECSTATE WASHDC 3619,NA,MASS PFOR BL UR,NA,1974LAPAZ04461,UNCLASSIFIED,30 JUN 2005,"MILITARY PROCUREMENT, MINISTERIAL VISITS, DIPLOMATIC DISCUSSIONS"
filename_1738526871905.pdf,11 JUL 1974,AMEMBASSY LA PAZ,SECSTATE WASHDC 3620,NA,"PFOR, PINS, PINT SNAR, BL",STATE 139779,1974LAPAZ04464,UNCLASSIFIED,30 JUN 2005,"PERSONNEL TRAINING, FOREIGN ASSISTANCE, FOREIGN POLICY POSITION"
filename_1738526872208.pdf,15 JUL 1974,AMEMBASSY LA PAZ,SECSTATE WASHDC 3649,NA,"EIRD, BL",STATE 132666: LA PAZ 2947,1974LAPAZ04562,UNCLASSIFIED,30 JUN 2005,"LAW, TARIFF SCHEDULES"
filename_1738526872314.pdf,19 JUL 1974,AMEMBASSY LA PAZ,SECSTATE WASHDC 3709,FAA SECTION 32--POLITICAL PRISONERS,PINS BL,STATE 150955,1974LAPAZ04690,UNCLASSIFIED,30 JUN 2005,"MILITARY ASSISTANCE, HUMAN RIGHTS, LAW, FOREIGN ASSISTANCE, POLITICAL PRISONERS, FOREIGN POLICY POSITION"
filename_1738526872515.pdf,19 JUL 1974,AMEMBASSY LA PAZ,SECSTATE WASHDC PRIORITY 3705,NA,PINT BL,NA,1974LAPAZ04685,UNCLASSIFIED,30 JUN 2005,"CABINET, MILITARY PERSONNEL, PRESIDENT, POLITICAL MILITARY RELATIONS, POLITICAL SITUATION"
filename_1738526873129.pdf,23 JUL 1974,AMEMBASSY LA PAZ,SECSTATE WASHDC 3729,NA,MASS BL,NA,1974LAPAZ04746,UNCLASSIFIED,30 JUN 2005,"MILITARY ASSISTANCE, FOREIGN RELATIONS, MILITARY SALES, MILITARY CREDIT"
filename_1738526873783.pdf,24 JUL 1974,AMEMBASSY LA PAZ,SECSTATE WASHDC 3741,NA,"PINT, BL",NA,1974LAPAZ04777,UNCLASSIFIED,30 JUN 2005,"GOVERNMENT REFORM, ELECTION LAW, PRESIDENTIAL ELECTIONS, SPEECHES, PROPOSALS (BID), CONSTITUTIONAL"
filename_1738526873866.pdf,24 JUL 1974,AMEMBASSY LA PAZ,SECSTATE WASHDC 3735,NA,"EAID, BL",NA,1974LAPAZ04763,UNCLASSIFIED,30 JUN 2005,"PL 480 TITLE 1, DEBT REPAYMENTS, AGRICULTURAL AGREEMENTS, CHECKS (MONEY)"
filename_1738526874036.pdf,25 JUL 1974,AMEMBASSY LA PAZ,SECSTATE WASHDC IMMEDIATE 3750,NA,"PINT, BL",NA,1974LAPAZ04817,UNCLASSIFIED,30 JUN 2005,"GOVERNMENT OVERTHROW, ARRESTS, MEETINGS, EXILES, PRESS CONFERENCES, DIPLOMATIC PROTESTS, DIPLOMATIC"
filename_1738526874311.pdf,30 JUL 1974,AMEMBASSY LA PAZ,SECSTATE WASHDC 3777,CIVAIR ANDEAN AIRLINE ASSOCIATION,"ETRN, LAFTA, BL",STATE 159662; SANTIAGO 4423,1974LAPAZ04903,UNCLASSIFIED,30 JUN 2005,"CIVIL AVIATION, AIRCRAFT, PROCUREMENT, AIRLINES, BUSINESS ASSOCIATIONS"
filename_1738526875091.pdf,30 JUL 1974,AMEMBASSY LA PAZ,SECSTATE WASHDC 3780,FOREIGN GOVERNMENT TENDER,"BEXP, BPRO, BL",NA,1974LAPAZ04909,UNCLASSIFIED,30 JUN 2005,n/a
filename_1738526875520.pdf,30 JUL 1974,AMEMBASSY LA PAZ,SECSTATE WASHDC 3779,PRIVATE TRADE OPPORTUNITY,"BPRO, BEXP, BL",NA,1974LAPAZ04908,UNCLASSIFIED,30 JUN 2005,n/a
filename_1738526875960.pdf,31 JUL 1974,AMEMBASSY LA PAZ,SECSTATE WASHDC 3791,NA,"EFIN, BL",NA,1974LAPAZ04927,UNCLASSIFIED,30 JUN 2005,"TAX AGREEMENTS, DOUBLE TAXATION, NEGOTIATIONS, FOREIGN INVESTMENTS, TAX INCENTIVES"
filename_1738526876061.pdf,31 JUL 1974,AMEMBASSY LA PAZ,SECSTATE WASHDC 3795,URANIUM EXPLORATION CONTRACT WITH ITALIAN FIRM,"ENRG, TECHN, EMIN, BL,",(A) ROME 10223 (B) LA PAZ 4241 (C) LA PAZ 4578,1974LAPAZ04940,UNCLASSIFIED,30 JUN 2005,"URANIUM, EXPLORATION, CONTRACTS"
filename_1738526876267.pdf,01 AUG 1974,AMEMBASSY LA PAZ,SECSTATE WASHDC 3814,FORMATION OF NATIONAL COUNCIL OF STRUCTURAL REFORMS (CONARE),PINT BL,LA PAZ 4777,1974LAPAZ04970,UNCLASSIFIED,30 JUN 2005,"GOVERNMENT REFORM, ELECTION LAW, CONSTITUTIONAL REFERENDUM"
filename_1738526876442.pdf,02 AUG 1974,AMEMBASSY LA PAZ,SECSTATE WASHDC 3828,NA,"ENRG, BL",STATE 153809,1974LAPAZ05029,UNCLASSIFIED,30 JUN 2005,"ENERGY, CONSUMPTION, PETROLEUM, NATURAL GAS, COAL, INDUSTRIAL DEVELOPMENT, ELECTRIC POWER, FERTILIZERS"
filename_1738526876872.pdf,02 AUG 1974,AMEMBASSY LA PAZ,SECSTATE WASHDC 3817,NA,"ELAB, BL",NA,1974LAPAZ04988,UNCLASSIFIED,30 JUN 2005,"LABOR RELATIONS, LABOR UNIONS, REORGANIZATIONS"
filename_1738526876917.pdf,02 AUG 1974,AMEMBASSY LA PAZ,SECSTATE WASHDC 3831,NA,CASC,NA,1974LAPAZ05034,UNCLASSIFIED,30 JUN 2005,n/a
filename_1738526877210.pdf,02 AUG 1974,AMEMBASSY LA PAZ,SECSTATE WASHDC PRIORITY 3829,NA,"ETRD, BL",STATE 162838,1974LAPAZ05030,UNCLASSIFIED,30 JUN 2005,"TRADE COMPLAINTS, DIPLOMATIC PROTESTS, INVENTORY DATA"
filename_1738526877361.pdf,02 AUG 1974,AMEMBASSY LA PAZ,SECSTATE WASHDC PRIORITY 3825,NA,PFOR MARR MASS BL,NA,1974LAPAZ05026,UNCLASSIFIED,30 JUN 2005,"MILITARY PROCUREMENT, MILITARY CREDIT, TRANSPORT AIRCRAFT"
filename_1738526877563.pdf,09 AUG 1974,AMEMBASSY LA PAZ,SECSTATE WASHDC PRIORITY 3868,NA,"PBOR, SWEL, BL, PAHO, WHO, (GAMARRA)",NA,1974LAPAZ05093,UNCLASSIFIED,30 JUN 2005,"HEALTH, DISEASE CONTROL, BORDER CONTROLS, MENINGITIS, COMMUNICABLE DISEASES, VACCINES, EPIDEMICS"
filename_1738526877692.pdf,09 AUG 1974,AMEMBASSY LA PAZ,SECSTATE WASHDC 3860,NA,"EFIN, BL","MEMCON OF AUGUST 2, 1974",1974LAPAZ05089,UNCLASSIFIED,30 JUN 2005,DEBT AGREEMENTS
filename_1738526878061.pdf,09 AUG 1974,AMEMBASSY LA PAZ,SECSTATE WASHDC 3855,VISIT OF PROFESSOR COCHRAN TO BOLIVIA REFERENCE: USNA MESSAGE 04650 DTG 081320Z AUG 74; DAO MESSAGE 021330Z AUG 74; USNA MESSAGE 04650 DTG 291901Z JUL 74,"BL, PFOR, PLOS",NA,1974LAPAZ05083,UNCLASSIFIED,30 JUN 2005,"LAW OF THE SEA, TRAVEL DOCUMENTS, VISITS, CONSULTANTS, MEETINGS"
filename_1738526878082.pdf,09 AUG 1974,AMEMDASSY LA PAZ,SECSTATE WASHDC IMMEDIATE 3862,NA,"ETRN, BEXP, BL",NA,1974LAPAZ05091,UNCLASSIFIED,30 JUN 2005,"TRADE PROMOTION, URANIUM, AVIATION REGULATIONS, GEOLOGIC SURVEYS, PROPOSALS (BID)"
filename_1738526878425.pdf,09 AUG 1974,AMEMBASSY LA PAZ,SECSTATE WASHDC 3849,NA,"ENRG, EIND, EAID, BL, AR",NA,1974LAPAZ05069,UNCLASSIFIED,30 JUN 2005,"AGREEMENTS, AMBASSADORS, VISITS, NEGOTIATIONS"
filename_1738526878593.pdf,12 AUG 1974,AMEMBASSY LA PAZ,SECSTATE WASHDC 3880,NA,"EGEN, EFIN, BL",SANTIAG 4779,1974LAPAZ05129,UNCLASSIFIED,30 JUN 2005,"INVESTMENT LAW, ECONOMIC AGREEMENTS, COMMUNIQUES, FOREIGN POLICY POSITION, REGIONAL ORGANIZATIONS"
filename_1738526879050.pdf,12 AUG 1974,AMEMBASSY LA PAZ,SECSTATE WASHDC 3879,NA,"EFIN, EAID, BL",NA,1974LAPAZ05128,UNCLASSIFIED,30 JUN 2005,"ECONOMIC GROWTH, GOVERNMENT AGENCIES, REORGANIZATIONS"
filename_1738526879103.pdf,12 AUG 1974,AMEMBASSY LA PAZ,USINFO WASHDC,NA,"PFOR, US, BL, (FORD, GERALD R), (NIXON, RICHARD M)",NA,1974LAPAZ05124,UNCLASSIFIED,30 JUN 2005,"PRESS COMMENTS, AMITY, FOREIGN RELATIONS, PRESIDENTIAL SUCCESSION, DIPLOMATIC COMMUNICATIONS"
filename_1738526879530.pdf,13 AUG 1974,AMEMBASSY LA PAZ,SECSTATE WASHDC IMMEDIATE 3890,GEOMETRIC BID FOR URANIUM AIR SURVEY CONTRACT,"ETRN,SBE/P, BL",LA PAZ 5091 FOR: ARA/BC/B - ATTN: MIKE CO TER,1974LAPAZ05158,UNCLASSIFIED,30 JUN 2005,n/a
filename_1738526880204.pdf,13 AUG 1974,AMEMBASSY LA PAZ,SECSTATE WASHDC IMMEDIATE 3888,SECRETARY'S MEETING WITH LATIN AMERICAN COLLEAGUES AT UNGA,PFOR,STATE 175342,1974LAPAZ05155,UNCLASSIFIED,30 JUN 2005,"FOREIGN MINISTERS MEETINGS, MEETING DELEGATIONS, INTERNATIONAL ORGANIZATIONS"
filename_1738526880556.pdf,13 AUG 1974,AMEMBASSY LA PAZ,SECSTATE WASHDC 3884,NA,CASC,NA,1974LAPAZ05142,UNCLASSIFIED,30 JUN 2005,n/a
filename_1738526880590.pdf,15 AUG 1974,AMEMBASSY LA PAZ,SECSTATE WASHDC 3924,PRODUCT LISTS FOR GSP,"ETRD, XM, BL",STATE 166536,1974LAPAZ05259,UNCLASSIFIED,30 JUN 2005,"INTERGOVERNMENTAL COOPERATION, GENERALIZED PREFERENCES (TARIFFS), GSP LIST"
filename_1738526880602.pdf,14 AUG 1974,AMEMBASSY LA PAZ,SECSTATE WASHDC 3914,NA,"PFOR, MFM",STATE 175496,1974LAPAZ05232,UNCLASSIFIED,30 JUN 2005,"FOREIGN MINISTERS MEETINGS, COMMITTEE MEETINGS, MULTINATIONAL CORPORATIONS, FOREIGN POLICY POSITION"
filename_1738526880913.pdf,19 AUG 1974,AMEMBASSY LA PAZ,SECSTATE WASHDC 3964,NA,BL PFOR PLOS,(A) CARACAS 7825; (BL LA PAZ 5083,1974LAPAZ05346,UNCLASSIFIED,30 JUN 2005,"LAW OF THE SEA, TRAVEL DOCUMENTS, COMMITTEE MEETINGS, VISITS, CONSULTANTS, GOVERNMENT REACTIONS, VISA"
filename_1738526881383.pdf,20 AUG 1974,AMEMBASSY LA PAZ,SECSTATE WASHDC 3973,POSSIBLE APPOINTMENT OF NEW BOLIVIAN AMBASSADOR TO THE UNITED STATES. REFERENCE: LA PAZ 4436,"PFOR, BL",NA,1974LAPAZ05369,UNCLASSIFIED,30 JUN 2005,"DIPLOMATIC ACCREDITATION, PRESS COMMENTS, AMBASSADORS, PERSONNEL APPOINTMENTS"
filename_1738526881481.pdf,21 AUG 1974,AMEMBASSY LA PAZ,SECSTATE WASHDC 3991,BOLIVIAN POSTAL DEBT,"ETEL, BL",(A) STATE 082399 (B) STATE A-6510,1974LAPAZ05418,UNCLASSIFIED,30 JUN 2005,"POSTAL SERVICE, DEBT REPAYMENTS, CHECKS (MONEY), BALANCE OF PAYMENTS, DIPLOMATIC COMMUNICATIONS"
filename_1738526881508.pdf,21 AUG 1974,AMEMBASSY LA PAZ,SECSTATE WASHDC 3983,NA,"ETRD, SENV, BL, US",STATE 171823,1974LAPAZ05392,UNCLASSIFIED,30 JUN 2005,"ANIMALS, EXPORTS, TRADE LAW, SPECIES PROTECTION, ZOOLOGY, BUSINESS FIRMS"
filename_1738526881827.pdf,22 AUG 1974,AMEMBASSY LA PAZ,DEPT OF AGRICULTURE,PORCINE BREEDERS REPRESENTATION AT SANTA CRUZ FAIR,"EAGR, ETRD, BL","(A) A-097 OF MAY 21, 1974 (B) STATE 052574 (C) A-280 OF 12/21/73",1974LAPAZ05432,UNCLASSIFIED,30 JUN 2005,"LIVESTOCK, TRADE PROMOTION, DATA, TRADE FAIRS"
filename_1738526882364.pdf,23 AUG 1974,AMEMBASSY LA PAZ,SECSTATE WASHDC 4008,NA,"ATRN, ASUP",NA,1974LAPAZ05466,UNCLASSIFIED,30 JUN 2005,n/a
filename_1738526882370.pdf,26 AUG 1974,AMEMBASSY LA PAZ,SECSTATE WASHDC 4027,OPIC INSURANCE APPLICATION: CHARLES E. STOKES,"EINV, BL",(A) LA PAZ 2766; (B) STATE 185136,1974LAPAZ05513,UNCLASSIFIED,30 JUN 2005,"INSURANCE, NATIONALIZATION, INVESTORS, LAND REFORMS, REAL PROPERTY ACQUISITION"
filename_1738526882895.pdf,26 AUG 1974,AMEMBASSY LA PAZ,SECSTATE WASHDC IMMEDIATE 4026,NA,"MARR, MASS, MMOL, MORG, MPOL, BL",NA,1974LAPAZ05497,UNCLASSIFIED,30 JUN 2005,"MILITARY EQUIPMENT, DATA, MILITARY ASSISTANCE PROGRAMS"
filename_1738526883481.pdf,28 AUG 1974,AMEMBASSY LA PAZ,SECSTATE WASHDC 4058,NA,"PINS, PGOV, BL",NA,1974LAPAZ05604,UNCLASSIFIED,30 JUN 2005,"NEGOTIATIONS, ELECTIONS, DIPLOMATIC DISCUSSIONS"
filename_1738526884014.pdf,29 AUG 1974,AMEMBASSY LA PAZ,SECSTATE WASHDC PRIORITY 4071,REQUEST FOR PURCHASE OF AMMUNITION,"MMOL, BL","COMUSMILGP MSG DTG 151355Z AUGUST 1974, SUBJECT, P&A FOR PROPOSED FMS BOLIVIA. (NOTAL)",1974LAPAZ05634,UNCLASSIFIED,30 JUN 2005,"AMMUNITION, MILITARY PROCUREMENT"
filename_1738526884048.pdf,29 AUG 1974,AMEMBASSY LA PAZ,SECSTATE WASHDC 4069,NA,"APER, BL, (BILBAO, JAIME M)","STATE 187748 TAGS ACOM, BEXP SUBJ: ""FSI: COMMERCIAL LOCALS US TRAINING PROGRAM"" HIGHLY RECOMMEND: NAME: JAIME M. BILBAO BORN: LA PAZ, BOLIVIA, JANUARY 23, 1945 FLUENCY IN ENGLISH: MR BILBAO IS COMPLETELY BILINGUAL SERVICE: JOINED EMBASSY OCTOBER 1970 EDUCATION: 1. BUSINESS ADMINISTRATION CERTIFICATE, CENTRO SUPERIOR DE ENSENANZA LENGTH OF COURSE: TWO YEARS 2. ARCHITECTURE, UNIVERSITY OF SAN ANDRES LENGTH OF COURSE: THREE YEARS 3. CORRESPONDENCE COURSE FOR COMMERCIAL SPECIALISTS, USDOC. LENGTH OF COURSE: ONE YEAR 4. CORRESPONDENCE COURSE, PART I & PART II, WRITING FOR GOVERNMENT & BUSINESS, US DEPARTMENT OF AGRICULTURE LENGTH OF COURSE: TWO YEARS 5. INTERNATIONAL TRADE SEMINAR, ORGANIZATION OF AMERICAN STATES. LENGTH OF COURSE: TWO WEEKS EXPERIENCE:",1974LAPAZ05622,UNCLASSIFIED,30 JUN 2005,n/a
filename_1738526884131.pdf,29 AUG 1974,AMEMBASSY LA PAZ,SECSTATE WASHDC IMMEDIATE 4072,THE RETURN OF CIRO HUMBOLDT,"PINT, BL",NA,1974LAPAZ05639,UNCLASSIFIED,30 JUN 2005,"OPPOSITION PARTIES, EXILES, PARTY LEADERS, PRESS CONFERENCES"
filename_1738526884171.pdf,29 AUG 1974,AMEMBASSY LA PAZ,SECSTATE WASHDC 4067,FRENCH BUREAU OF GEOLOGIC AND MINING RESEARCH SIGNS AGREEMENT WITH MINISTRY OF MINING,"EMIN, BL",LA PAZ 4139,1974LAPAZ05618,UNCLASSIFIED,30 JUN 2005,"EXPLORATION, AGREEMENTS, MINING INDUSTRY, MINERALS, GEOLOGIC SURVEYS"
filename_1738526884920.pdf,30 AUG 1974,AMEMBASSY LA PAZ,SECSTATE WASHDC PRIORITY 4086,NA,"BEXP, CO, VE, PE, EC, CI",STATE 164164,1974LAPAZ05671,UNCLASSIFIED,30 JUN 2005,n/a
filename_1738526884992.pdf,03 SEP 1974,AMEMBASSY LA PAZ,SECSTATE WASHDC PRIORITY 4109,NA,"PFOR, XM, US, BL",STATE 192211,1974LAPAZ05714,UNCLASSIFIED,30 JUN 2005,"DIPLOMATIC DISCUSSIONS, INTERGOVERNMENTAL COOPERATION, FOREIGN POLICY POSITION, POLITICAL SITUATION"
filename_1738526885390.pdf,04 SEP 1974,AMEMBASSY LA PAZ,SECSTATE WASHDC 4120,NA,"PINT, BL",LA PAZ 5679,1974LAPAZ05740,UNCLASSIFIED,30 JUN 2005,"POLITICAL SITUATION, OPPOSITION PARTIES, PARTY ALLIANCE, PARTY LEADERS"
filename_1738526885589.pdf,05 SEP 1974,AMEMBASSY LA PAZ,SECSTATE WASHDC 4132,NA,OEXC (JORGE GALINDO CUETO AND GUILLERMO FORTUN SANGINES),NA,1974LAPAZ05767,UNCLASSIFIED,30 JUN 2005,n/a
filename_1738526886648.pdf,05 SEP 1974,AMEMBASSY LA PAZ,SECSTATE WASHDC IMMEDIATE 4134,NA,PFOR PBOR MASS BL PE CI,NA,1974LAPAZ05772,UNCLASSIFIED,30 JUN 2005,"MILITARY ASSISTANCE, FOREIGN RELATIONS, ECONOMIC CONDITIONS, COMBAT OPERATIONS, POLITICAL SITUATION"
filename_1738526886681.pdf,06 SEP 1974,AMEMBASSY LA PAZ,USDOC WASHDC,WTDR - LLOYD AEREO BOLIVIANO,"BBAK, BL, LLOYD AERERO BOLIVIANO",NA,1974LAPAZ05807,UNCLASSIFIED,30 JUN 2005,n/a
filename_1738526886716.pdf,06 SEP 1974,AMEMBASSY LA PAZ,SECSTATE WASHDC 4149,NA,"EINV,BL",LA PAZ 1972: LA PAZ 5513,1974LAPAZ05806,UNCLASSIFIED,30 JUN 2005,"AGREEMENTS, ZINC, INVESTORS, LOAN INSURANCE, FOREIGN INVESTMENTS, CONTRACTS, SUBSIDIARIES, FOREIGN POLICY"
filename_1738526886950.pdf,06 SEP 1974,AMEMBASSY LA PAZ,SECSTATE WASHDC 4150,NA,"EMIN, BEXP, BL","CAP, LA PAZ A-150",1974LAPAZ05801,UNCLASSIFIED,30 JUN 2005,"IRON, DATA, MINING, STEELS, INDUSTRIAL PLANTS, MANAGERS, CONSULTANTS, METALLURGY, PROGRAMS (PROJECTS)"
filename_1738526887583.pdf,09 SEP 1974,AMEMBASSY LA PAZ,SECSTATE WASHDC 4160,NA,"ETRN, PFOR, BL, CI",NA,1974LAPAZ05823,UNCLASSIFIED,30 JUN 2005,"PRESS COMMENTS, PORT CHARGES, MEETINGS, MEETING REPORTS, PRICE TRENDS, RAIL TRANSPORTATION, MEETING"
filename_1738526887610.pdf,09 SEP 1974,AMEMBASSY LA PAZ,SECSTATE WASHDC 4163,NA,"ETRN, ECRP",NA,1974LAPAZ05828,UNCLASSIFIED,30 JUN 2005,"PRODUCTION, CERP 5711, GROUND VEHICLES, ECONOMIC REPORTS"
